Constituency,Surname,Firstname,Gender,Party,Party Abbreviation,Count Number,Required To Reach Quota,Required To Save Deposit,Votes,Result,Candidate Id,Constituency Number,Constituency Ainm,,Year,Full Name
Carlow-Kilkenny,AYLWARD,BOBBY,M,Fianna Fáil,F.F.,10,2289,0,7550,,161,1,Ceatharlach-Cill Chainnigh,,2020,BOBBY AYLWARD
Carlow-Kilkenny,BYRNE,HELENA,F,Renua Ireland,R.I.,10,0,1905,992,Excluded,162,1,Ceatharlach-Cill Chainnigh,,2020,HELENA BYRNE
Carlow-Kilkenny,DEERING,PAT,M,Fine Gael,F.G.,10,0,0,5929,Excluded,163,1,Ceatharlach-Cill Chainnigh,,2020,PAT DEERING
Carlow-Kilkenny,FUNCHION,KATHLEEN,F,Sinn Féin,S.F.,10,0,0,17493,Elected,164,1,Ceatharlach-Cill Chainnigh,,2020,KATHLEEN FUNCHION
Carlow-Kilkenny,HAYES,ALAN,M,Non-Party,NON-P.,10,0,0,2347,Excluded,165,1,Ceatharlach-Cill Chainnigh,,2020,ALAN HAYES
Carlow-Kilkenny,HYNES,DENIS,M,The Labour Party,LAB.,10,0,357,2208,Excluded,166,1,Ceatharlach-Cill Chainnigh,,2020,DENIS HYNES
Carlow-Kilkenny,McGUINNESS,JOHN,M,Fianna Fáil,F.F.,10,0,0,10558,Elected,167,1,Ceatharlach-Cill Chainnigh,,2020,JOHN McGUINNESS
Carlow-Kilkenny,MURNANE Oï¿½CONNOR,JENNIFER,F,Fianna Fáil,F.F.,10,0,0,9351,Elected,168,1,Ceatharlach-Cill Chainnigh,,2020,JENNIFER MURNANE Oï¿½CONNOR
Carlow-Kilkenny,NOONAN,MALCOLM,M,Green Party/ Comhaontas Glas,G.P.,10,1731,0,4942,Elected,169,1,Ceatharlach-Cill Chainnigh,,2020,MALCOLM NOONAN
Carlow-Kilkenny,Oï¿½NEILL,MELISSA,F,Irish Freedom Party,I.F.P.,10,0,2403,431,Excluded,170,1,Ceatharlach-Cill Chainnigh,,2020,MELISSA Oï¿½NEILL
Carlow-Kilkenny,O'NEILL,PATRICK,M,Fine Gael,F.G.,10,0,0,3674,Excluded,171,1,Ceatharlach-Cill Chainnigh,,2020,PATRICK O'NEILL
Carlow-Kilkenny,PHELAN,JOHN PAUL,M,Fine Gael,F.G.,10,0,0,6396,Elected,172,1,Ceatharlach-Cill Chainnigh,,2020,JOHN PAUL PHELAN
Carlow-Kilkenny,WALLACE,ADRIENNE,F,Solidarity - People Before Profit,S.P.B.P.,10,0,0,1558,Excluded,174,1,Ceatharlach-Cill Chainnigh,,2020,ADRIENNE WALLACE
Carlow-Kilkenny,RAY,ANGELA,F,Non-Party,NON-P.,10,0,2738,214,Excluded,175,1,Ceatharlach-Cill Chainnigh,,2020,ANGELA RAY
Cavan-Monaghan,Carthy,Matt,M,Sinn Féin,S.F.,11,0,0,16310,Elected,186,2,An Cabhï¿½n-Muineachï¿½n,,2020,Matt Carthy
Cavan-Monaghan,Donnelly,Tate,M,Green Party/ Comhaontas Glas,G.P.,11,0,0,2501,Excluded,187,2,An Cabhï¿½n-Muineachï¿½n,,2020,Tate Donnelly
Cavan-Monaghan,Duffy,Joseph,M,Non-Party,NON-P.,11,0,2773,159,Excluded,188,2,An Cabhï¿½n-Muineachï¿½n,,2020,Joseph Duffy
Cavan-Monaghan,Gallagher,Robbie,M,Fianna Fáil,F.F.,11,0,0,5062,Excluded,189,2,An Cabhï¿½n-Muineachï¿½n,,2020,Robbie Gallagher
Cavan-Monaghan,Humphreys,Heather,F,Fine Gael,F.G.,11,0,0,12808,Elected,190,2,An Cabhï¿½n-Muineachï¿½n,,2020,Heather Humphreys
Cavan-Monaghan,McIntyre,Sandra,F,Fine Gael,F.G.,11,0,1289,1301,Excluded,191,2,An Cabhï¿½n-Muineachï¿½n,,2020,Sandra McIntyre
Cavan-Monaghan,O'Reilly,Sarah,F,Aontu,A.,11,0,0,3840,Excluded,193,2,An Cabhï¿½n-Muineachï¿½n,,2020,Sarah O'Reilly
Cavan-Monaghan,O'Reilly,T.P.,M,Fine Gael,F.G.,11,3385,0,5124,Excluded,194,2,An Cabhï¿½n-Muineachï¿½n,,2020,T.P. O'Reilly
Cavan-Monaghan,Smith,Brendan,M,Fianna Fáil,F.F.,11,1027,0,7354,Elected,195,2,An Cabhï¿½n-Muineachï¿½n,,2020,Brendan Smith
Cavan-Monaghan,Smith,Emmett,M,Solidarity - People Before Profit,S.P.B.P.,11,0,1550,830,Excluded,196,2,An Cabhï¿½n-Muineachï¿½n,,2020,Emmett Smith
Cavan-Monaghan,Smyth,Niamh,F,Fianna Fáil,F.F.,11,1080,0,5745,Elected,197,2,An Cabhï¿½n-Muineachï¿½n,,2020,Niamh Smyth
Cavan-Monaghan,Tully,Pauline,F,Sinn Féin,S.F.,11,0,0,10166,Elected,198,2,An Cabhï¿½n-Muineachï¿½n,,2020,Pauline Tully
Cavan-Monaghan,Van Der Spek,Liam,M,The Labour Party,LAB.,11,0,1859,983,Excluded,199,2,An Cabhï¿½n-Muineachï¿½n,,2020,Liam Van Der Spek
Clare,Barrett,David,M,Non-Party,NON-P.,10,0,2572,400,Excluded,161,3,An Clï¿½r,,2020,David Barrett
Clare,Breen,Pat,M,Fine Gael,F.G.,10,0,0,5406,Excluded,162,3,An Clï¿½r,,2020,Pat Breen
Clare,Carey,Joe,M,Fine Gael,F.G.,10,555,0,5684,Elected,164,3,An Clï¿½r,,2020,Joe Carey
Clare,Conway,Martin,M,Fine Gael,F.G.,10,0,552,2285,Excluded,165,3,An Clï¿½r,,2020,Martin Conway
Clare,Crowe,Cathal,M,Fianna Fáil,F.F.,10,429,0,8355,Elected,166,3,An Clï¿½r,,2020,Cathal Crowe
Clare,Dooley,Timmy,M,Fianna Fáil,F.F.,10,1270,0,7763,,167,3,An Clï¿½r,,2020,Timmy Dooley
Clare,Garvey,Roisin,F,Green Party/ Comhaontas Glas,G.P.,10,0,0,5624,Excluded,168,3,An Clï¿½r,,2020,Roisin Garvey
Clare,Leahy,Michael,M,Irish Freedom Party,I.F.P.,10,0,2169,704,Excluded,169,3,An Clï¿½r,,2020,Michael Leahy
Clare,Leyden,Trudy Ann,F,Non-Party,NON-P.,10,0,2754,218,Excluded,170,3,An Clï¿½r,,2020,Trudy Ann Leyden
Clare,McInerney,Rita,F,Fianna Fáil,F.F.,10,0,0,4136,Excluded,171,3,An Clï¿½r,,2020,Rita McInerney
Clare,McNamara,Michael,M,Non-Party,NON-P.,10,0,0,7332,Elected,172,3,An Clï¿½r,,2020,Michael McNamara
Clare,O'Brien,Conor,M,Renua Ireland,R.I.,10,0,2789,187,Excluded,173,3,An Clï¿½r,,2020,Conor O'Brien
Clare,O'Donohoe,Theresa,F,Solidarity - People Before Profit,S.P.B.P.,10,0,1690,1196,Excluded,174,3,An Clï¿½r,,2020,Theresa O'Donohoe
Clare,Woulfe,Joseph,M,Non-Party,NON-P.,10,0,1472,1218,Excluded,175,3,An Clï¿½r,,2020,Joseph Woulfe
Clare,Wynne,Violet-Anne,F,Sinn Féin,S.F.,10,0,0,8987,Elected,176,3,An Clï¿½r,,2020,Violet-Anne Wynne
Cork East,Buckley,Pat,M,Sinn Féin,S.F.,8,0,0,12587,Elected,161,4,Corcaigh Thoir,,2020,Pat Buckley
Cork East,Conor,Hannon,M,Aontu,A.,8,0,1030,1337,Excluded,162,4,Corcaigh Thoir,,2020,Hannon Conor
Cork East,Kiely,Thomas,M,Non-Party,NON-P.,8,0,2099,435,Excluded,163,4,Corcaigh Thoir,,2020,Thomas Kiely
Cork East,Linehan-Foley,Mary,F,Non-Party,NON-P.,8,0,0,3903,Excluded,164,4,Corcaigh Thoir,,2020,Mary Linehan-Foley
Cork East,O'Connor,James,M,Fianna Fáil,F.F.,8,1178,0,7026,Elected,165,4,Corcaigh Thoir,,2020,James O'Connor
Cork East,O'Driscoll,Pa,M,Fine Gael,F.G.,8,0,0,4554,Excluded,166,4,Corcaigh Thoir,,2020,Pa O'Driscoll
Cork East,O'Grady,Shane,M,Non-Party,NON-P.,8,0,2394,267,Excluded,167,4,Corcaigh Thoir,,2020,Shane O'Grady
Cork East,O'Keeffe,Kevin,M,Fianna Fáil,F.F.,8,1831,0,7414,,168,4,Corcaigh Thoir,,2020,Kevin O'Keeffe
Cork East,O'Leary,Sean,M,Non-Party,NON-P.,8,0,2652,64,Excluded,169,4,Corcaigh Thoir,,2020,Sean O'Leary
Cork East,Quaide,Liam,M,Green Party/ Comhaontas Glas,G.P.,8,0,0,3749,Excluded,170,4,Corcaigh Thoir,,2020,Liam Quaide
Cork East,Sherlock,Seï¿½n,M,The Labour Party,LAB.,8,0,0,6610,Elected,171,4,Corcaigh Thoir,,2020,Seï¿½n Sherlock
Cork East,Shinnick,Frank,M,Irish Freedom Party,I.F.P.,8,0,2130,455,Excluded,172,4,Corcaigh Thoir,,2020,Frank Shinnick
Cork East,Stanton,David,M,Fine Gael,F.G.,8,600,0,6143,Elected,173,4,Corcaigh Thoir,,2020,David Stanton
Cork North Central,Barry,Mick,M,Solidarity - People Before Profit,S.P.B.P.,14,960,0,3703,Elected,161,5,Corcaigh Thuaidh-Lï¿½r,,2020,Mick Barry
Cork North Central,Burke,Colm,M,Fine Gael,F.G.,14,0,0,6646,Elected,162,5,Corcaigh Thuaidh-Lï¿½r,,2020,Colm Burke
Cork North Central,Coughlan,James,M,Workers Party,W.P.,14,0,2263,180,Excluded,163,5,Corcaigh Thuaidh-Lï¿½r,,2020,James Coughlan
Cork North Central,Fitzgerald,Tony,M,Fianna Fáil,F.F.,14,0,0,3338,Excluded,164,5,Corcaigh Thuaidh-Lï¿½r,,2020,Tony Fitzgerald
Cork North Central,Gould,Thomas,M,Sinn Féin,S.F.,14,0,0,13811,Elected,165,5,Corcaigh Thuaidh-Lï¿½r,,2020,Thomas Gould
Cork North Central,Halpin,Sinead,F,Social Democrats,S.D.,14,0,1087,1121,Excluded,166,5,Corcaigh Thuaidh-Lï¿½r,,2020,Sinead Halpin
Cork North Central,Hogan,Timothy Joseph (T.J.),M,Non-Party,NON-P.,14,0,2136,257,Excluded,167,5,Corcaigh Thuaidh-Lï¿½r,,2020,Timothy Joseph (T.J.) Hogan
Cork North Central,Keohane,Ger,M,Non-Party,NON-P.,14,0,1724,694,Excluded,168,5,Corcaigh Thuaidh-Lï¿½r,,2020,Ger Keohane
Cork North Central,Maher,John,M,The Labour Party,LAB.,14,0,0,2561,Excluded,169,5,Corcaigh Thuaidh-Lï¿½r,,2020,John Maher
Cork North Central,Moran,Oliver,M,Green Party/ Comhaontas Glas,G.P.,14,0,0,3205,Excluded,170,5,Corcaigh Thuaidh-Lï¿½r,,2020,Oliver Moran
Cork North Central,Murphy,Sandra,F,Fianna Fáil,F.F.,14,0,1261,1218,Excluded,171,5,Corcaigh Thuaidh-Lï¿½r,,2020,Sandra Murphy
Cork North Central,O Cadhla,Diarmaid,M,Non-Party,NON-P.,14,0,2302,230,Excluded,172,5,Corcaigh Thuaidh-Lï¿½r,,2020,Diarmaid O Cadhla
Cork North Central,O'Donovan,Stephen James,M,Non-Party,NON-P.,14,0,2507,44,Excluded,173,5,Corcaigh Thuaidh-Lï¿½r,,2020,Stephen James O'Donovan
Cork North Central,O'Flynn,Kenneth,M,Non-Party,NON-P.,14,3076,0,3994,,174,5,Corcaigh Thuaidh-Lï¿½r,,2020,Kenneth O'Flynn
Cork North Central,O'Leary,Sean,M,Non-Party,NON-P.,14,0,2438,137,Excluded,175,5,Corcaigh Thuaidh-Lï¿½r,,2020,Sean O'Leary
Cork North Central,O'Neill,Lorraine,F,Fine Gael,F.G.,14,0,1369,1156,Excluded,176,5,Corcaigh Thuaidh-Lï¿½r,,2020,Lorraine O'Neill
Cork North Central,O'Sullivan,Padraig,M,Fianna Fáil,F.F.,14,0,0,8158,Elected,177,5,Corcaigh Thuaidh-Lï¿½r,,2020,Padraig O'Sullivan
Cork North Central,Toomey,Finian,M,Aontu,A.,14,0,943,1325,Excluded,178,5,Corcaigh Thuaidh-Lï¿½r,,2020,Finian Toomey
Cork North West,CREED,MICHAEL,M,Fine Gael,F.G.,5,0,0,8338,Elected,161,6,Corcaigh Thiar Thuaidh,,2020,MICHAEL CREED
Cork North West,FINN,COLETTE,F,Green Party/ Comhaontas Glas,G.P.,5,0,0,3495,Excluded,162,6,Corcaigh Thiar Thuaidh,,2020,COLETTE FINN
Cork North West,KEALY,BECKY,F,Aontu,A.,5,0,0,3877,Excluded,163,6,Corcaigh Thiar Thuaidh,,2020,BECKY KEALY
Cork North West,McCARTHY,CIARï¿½N,M,Social Democrats,S.D.,5,3005,0,3845,,164,6,Corcaigh Thiar Thuaidh,,2020,CIARï¿½N McCARTHY
Cork North West,MOYNIHAN,AINDRIAS,M,Fianna Fáil,F.F.,5,420,0,9628,Elected,165,6,Corcaigh Thiar Thuaidh,,2020,AINDRIAS MOYNIHAN
Cork North West,MOYNIHAN,MICHAEL,M,Fianna Fáil,F.F.,5,353,0,8651,Elected,166,6,Corcaigh Thiar Thuaidh,,2020,MICHAEL MOYNIHAN
Cork North West,NIC DOMHNAILL,TARA,F,Irish Freedom Party,I.F.P.,5,0,1943,956,Excluded,167,6,Corcaigh Thiar Thuaidh,,2020,TARA NIC DOMHNAILL
Cork North West,O'LEARY,SEAN,M,Non-Party,NON-P.,5,0,2384,515,Excluded,168,6,Corcaigh Thiar Thuaidh,,2020,SEAN O'LEARY
Cork North West,O'SHEA,JOHN PAUL,M,Fine Gael,F.G.,5,0,0,7065,Excluded,169,6,Corcaigh Thiar Thuaidh,,2020,JOHN PAUL O'SHEA
Cork South Central,Bogue,Lorna,F,Green Party/ Comhaontas Glas,G.P.,8,2250,0,5379,,161,7,Corcaigh Theas-Lï¿½r,,2020,Lorna Bogue
Cork South Central,Buttimer,Jerry,M,Fine Gael,F.G.,8,0,0,2828,Excluded,162,7,Corcaigh Theas-Lï¿½r,,2020,Jerry Buttimer
Cork South Central,Coveney,Simon,M,Fine Gael,F.G.,8,0,0,9327,Elected,163,7,Corcaigh Theas-Lï¿½r,,2020,Simon Coveney
Cork South Central,Daly,Anna,F,Aontu,A.,8,0,1037,1350,Excluded,164,7,Corcaigh Theas-Lï¿½r,,2020,Anna Daly
Cork South Central,Dineen,Paudie,M,Non-Party,NON-P.,8,0,1960,429,Excluded,165,7,Corcaigh Theas-Lï¿½r,,2020,Paudie Dineen
Cork South Central,Donohoe,John,M,Non-Party,NON-P.,8,0,2713,103,Excluded,166,7,Corcaigh Theas-Lï¿½r,,2020,John Donohoe
Cork South Central,Kennedy,Ciara,F,The Labour Party,LAB.,8,0,1151,1263,Excluded,167,7,Corcaigh Theas-Lï¿½r,,2020,Ciara Kennedy
Cork South Central,Martin,Micheï¿½l,M,Fianna Fáil,F.F.,8,0,0,11023,Elected,168,7,Corcaigh Theas-Lï¿½r,,2020,Micheï¿½l Martin
Cork South Central,McGrath,Michael,M,Fianna Fáil,F.F.,8,620,0,9236,Elected,169,7,Corcaigh Theas-Lï¿½r,,2020,Michael McGrath
Cork South Central,Murray Walsh,Bobby,M,Solidarity - People Before Profit,S.P.B.P.,8,0,481,764,Excluded,170,7,Corcaigh Theas-Lï¿½r,,2020,Bobby Murray Walsh
Cork South Central,O'Brien,William,M,Non-Party,NON-P.,8,0,2477,202,Excluded,171,7,Corcaigh Theas-Lï¿½r,,2020,William O'Brien
Cork South Central,O'Dwyer,Patricia,F,Social Democrats,S.D.,8,0,1419,1077,Excluded,172,7,Corcaigh Theas-Lï¿½r,,2020,Patricia O'Dwyer
Cork South Central,ï¿½ Laoghaire,Donnchadh,M,Sinn Féin,S.F.,8,0,0,14057,Elected,173,7,Corcaigh Theas-Lï¿½r,,2020,Donnchadh ï¿½ Laoghaire
Cork South Central,O'Leary,Sean,M,Non-Party,NON-P.,8,0,2700,102,Excluded,174,7,Corcaigh Theas-Lï¿½r,,2020,Sean O'Leary
Cork South West,Cairns,Holly,F,Social Democrats,S.D.,8,1007,0,4696,Elected,161,8,Corcaigh Thiar Theas,,2020,Holly Cairns
Cork South West,Coakley,Karen,F,Fine Gael,F.G.,8,0,25,2526,Excluded,162,8,Corcaigh Thiar Theas,,2020,Karen Coakley
Cork South West,Coleman,Alan,M,Non-Party,NON-P.,8,0,747,1801,Excluded,163,8,Corcaigh Thiar Theas,,2020,Alan Coleman
Cork South West,Collins,Michael,M,Non-Party,NON-P.,8,0,0,11712,Elected,164,8,Corcaigh Thiar Theas,,2020,Michael Collins
Cork South West,Connolly,Bernadette,F,Green Party/ Comhaontas Glas,G.P.,8,0,1007,1647,Excluded,165,8,Corcaigh Thiar Theas,,2020,Bernadette Connolly
Cork South West,Hayes,Paul,M,Sinn Féin,S.F.,8,0,0,4777,Excluded,166,8,Corcaigh Thiar Theas,,2020,Paul Hayes
Cork South West,Lombard,Tim,M,Fine Gael,F.G.,8,1559,0,5865,,167,8,Corcaigh Thiar Theas,,2020,Tim Lombard
Cork South West,Murphy O'Mahony,Margaret,F,Fianna Fáil,F.F.,8,0,0,4077,Excluded,168,8,Corcaigh Thiar Theas,,2020,Margaret Murphy O'Mahony
Cork South West,O'Connor,Kevin,M,Solidarity - People Before Profit,S.P.B.P.,8,0,2337,427,Excluded,169,8,Corcaigh Thiar Theas,,2020,Kevin O'Connor
Cork South West,O'Leary,Sean,M,Non-Party,NON-P.,8,0,2737,33,Excluded,170,8,Corcaigh Thiar Theas,,2020,Sean O'Leary
Cork South West,O'Sullivan,Christopher,M,Fianna Fáil,F.F.,8,0,0,6262,Elected,171,8,Corcaigh Thiar Theas,,2020,Christopher O'Sullivan
Cork South West,Ruane,Mairead,F,Aontu,A.,8,0,2241,515,Excluded,172,8,Corcaigh Thiar Theas,,2020,Mairead Ruane
Donegal,Casey,Peter,M,Non-Party,NON-P.,9,0,1096,1143,Excluded,161,9,Dï¿½n na nGall,,2020,Peter Casey
Donegal,Doherty,Pearse,M,Sinn Féin,S.F.,9,0,0,21044,Elected,162,9,Dï¿½n na nGall,,2020,Pearse Doherty
Donegal,Gallagher,Pat The Cope,M,Fianna Fáil,F.F.,9,1835,0,7469,Excluded,163,9,Dï¿½n na nGall,,2020,Pat The Cope Gallagher
Donegal,Harley,Martin M.,M,Fine Gael,F.G.,9,0,0,3056,Excluded,164,9,Dï¿½n na nGall,,2020,Martin M. Harley
Donegal,MacLochlainn,Pï¿½draig,M,Sinn Féin,S.F.,9,0,0,13891,Elected,165,9,Dï¿½n na nGall,,2020,Pï¿½draig MacLochlainn
Donegal,McConalogue,Charlie,M,Fianna Fáil,F.F.,9,1477,0,8347,Elected,166,9,Dï¿½n na nGall,,2020,Charlie McConalogue
Donegal,McConnell,Niall,M,Non-Party,NON-P.,9,0,2396,580,Excluded,167,9,Dï¿½n na nGall,,2020,Niall McConnell
Donegal,Mc Guinness,Arthur Desmond,M,Non-Party,NON-P.,9,0,3119,56,Excluded,168,9,Dï¿½n na nGall,,2020,Arthur Desmond Mc Guinness
Donegal,McHugh,Joe,M,Fine Gael,F.G.,9,805,0,7621,Elected,169,9,Dï¿½n na nGall,,2020,Joe McHugh
Donegal,O'Donnell,John,M,Non-Party,NON-P.,9,0,0,4735,Excluded,170,9,Dï¿½n na nGall,,2020,John O'Donnell
Donegal,Pringle,Thomas,M,Non-Party,NON-P.,9,664,0,5472,Elected,172,9,Dï¿½n na nGall,,2020,Thomas Pringle
Donegal,Sweeney,Mary T.,F,Aontu,A.,9,0,0,2382,Excluded,173,9,Dï¿½n na nGall,,2020,Mary T. Sweeney
Donegal,White,Miichael,M,Green Party/ Comhaontas Glas,G.P.,9,0,889,1656,Excluded,175,9,Dï¿½n na nGall,,2020,Miichael White
Dublin Bay North,Bruton,Richard,M,Fine Gael,F.G.,14,0,0,11156,Elected,161,13,Cuan Bhaile ï¿½tha Cliath Thuaidh,,2020,Richard Bruton
Dublin Bay North,Burke,Michael Paul,M,Non-Party,NON-P.,14,0,2205,370,Excluded,162,13,Cuan Bhaile ï¿½tha Cliath Thuaidh,,2020,Michael Paul Burke
Dublin Bay North,Creaven,Conor,M,Non-Party,NON-P.,14,0,2497,418,Excluded,163,13,Cuan Bhaile ï¿½tha Cliath Thuaidh,,2020,Conor Creaven
Dublin Bay North,Garrigan,Brian,M,Non-Party,NON-P.,14,0,2396,372,Excluded,164,13,Cuan Bhaile ï¿½tha Cliath Thuaidh,,2020,Brian Garrigan
Dublin Bay North,Gilroy,Ben,M,Irish Freedom Party,I.F.P.,14,0,1225,771,Excluded,165,13,Cuan Bhaile ï¿½tha Cliath Thuaidh,,2020,Ben Gilroy
Dublin Bay North,Haughey,Seï¿½n,M,Fianna Fáil,F.F.,14,980,0,6651,Elected,166,13,Cuan Bhaile ï¿½tha Cliath Thuaidh,,2020,Seï¿½n Haughey
Dublin Bay North,Healy,David,M,Green Party/ Comhaontas Glas,G.P.,14,3408,0,5042,,167,13,Cuan Bhaile ï¿½tha Cliath Thuaidh,,2020,David Healy
Dublin Bay North,Heney,Deirdre,F,Fianna Fáil,F.F.,14,0,0,3643,Excluded,168,13,Cuan Bhaile ï¿½tha Cliath Thuaidh,,2020,Deirdre Heney
Dublin Bay North,Lyons,John,M,Non-Party,NON-P.,14,0,0,1882,Excluded,169,13,Cuan Bhaile ï¿½tha Cliath Thuaidh,,2020,John Lyons
Dublin Bay North,McEvoy,Linda,F,Non-Party,NON-P.,14,0,2658,202,Excluded,170,13,Cuan Bhaile ï¿½tha Cliath Thuaidh,,2020,Linda McEvoy
Dublin Bay North,Mitchell,Denise,F,Sinn Féin,S.F.,14,0,0,21344,Elected,171,13,Cuan Bhaile ï¿½tha Cliath Thuaidh,,2020,Denise Mitchell
Dublin Bay North,Mulvany,Bernard,M,Solidarity - People Before Profit,S.P.B.P.,14,0,0,1409,Excluded,172,13,Cuan Bhaile ï¿½tha Cliath Thuaidh,,2020,Bernard Mulvany
Dublin Bay North,Noone,Catherine,F,Fine Gael,F.G.,14,0,572,2279,Excluded,173,13,Cuan Bhaile ï¿½tha Cliath Thuaidh,,2020,Catherine Noone
Dublin Bay North,O'Brien,Michael,M,Solidarity - People Before Profit,S.P.B.P.,14,0,821,722,Excluded,174,13,Cuan Bhaile ï¿½tha Cliath Thuaidh,,2020,Michael O'Brien
Dublin Bay North,O'Callaghan,Cian,M,Social Democrats,S.D.,14,0,0,6229,Elected,175,13,Cuan Bhaile ï¿½tha Cliath Thuaidh,,2020,Cian O'Callaghan
Dublin Bay North,ï¿½ Conarï¿½in,Proinsias,M,Aontu,A.,14,0,1810,973,Excluded,176,13,Cuan Bhaile ï¿½tha Cliath Thuaidh,,2020,Proinsias ï¿½ Conarï¿½in
Dublin Bay North,O'Leary,Sean,M,Non-Party,NON-P.,14,0,2949,16,Excluded,177,13,Cuan Bhaile ï¿½tha Cliath Thuaidh,,2020,Sean O'Leary
Dublin Bay North,ï¿½'Rï¿½ordï¿½in,Aodhï¿½n,M,The Labour Party,LAB.,14,652,0,8127,Elected,178,13,Cuan Bhaile ï¿½tha Cliath Thuaidh,,2020,Aodhï¿½n ï¿½'Rï¿½ordï¿½in
Dublin Bay South,Andrews,Chris,M,Sinn Féin,S.F.,8,0,0,6361,Elected,161,17,Cuan Bhaile ï¿½tha Cliath Theas,,2020,Chris Andrews
Dublin Bay South,Burke,Norma,F,Non-Party,NON-P.,8,0,1864,110,Excluded,162,17,Cuan Bhaile ï¿½tha Cliath Theas,,2020,Norma Burke
Dublin Bay South,Dooley,Peter,M,Non-Party,NON-P.,8,0,1663,281,Excluded,163,17,Cuan Bhaile ï¿½tha Cliath Theas,,2020,Peter Dooley
Dublin Bay South,Durcan,Sarah,F,Social Democrats,S.D.,8,0,0,1801,Excluded,164,17,Cuan Bhaile ï¿½tha Cliath Theas,,2020,Sarah Durcan
Dublin Bay South,Flynn,Mannix,M,Non-Party,NON-P.,8,0,1227,645,Excluded,165,17,Cuan Bhaile ï¿½tha Cliath Theas,,2020,Mannix Flynn
Dublin Bay South,Gilbourne,Jacqui,F,Renua Ireland,R.I.,8,0,1133,634,Excluded,166,17,Cuan Bhaile ï¿½tha Cliath Theas,,2020,Jacqui Gilbourne
Dublin Bay South,Humphreys,Kevin,M,The Labour Party,LAB.,8,0,0,3121,Excluded,167,17,Cuan Bhaile ï¿½tha Cliath Theas,,2020,Kevin Humphreys
Dublin Bay South,Keigher,John Dominic,M,Non-Party,NON-P.,8,0,1930,48,Excluded,168,17,Cuan Bhaile ï¿½tha Cliath Theas,,2020,John Dominic Keigher
Dublin Bay South,Mooney,Annette,F,Solidarity - People Before Profit,S.P.B.P.,8,0,698,1002,Excluded,169,17,Cuan Bhaile ï¿½tha Cliath Theas,,2020,Annette Mooney
Dublin Bay South,Murphy,Eoghan,M,Fine Gael,F.G.,8,317,0,6346,Elected,170,17,Cuan Bhaile ï¿½tha Cliath Theas,,2020,Eoghan Murphy
Dublin Bay South,O'Callaghan,Jim,M,Fianna Fáil,F.F.,8,761,0,5474,Elected,171,17,Cuan Bhaile ï¿½tha Cliath Theas,,2020,Jim O'Callaghan
Dublin Bay South,O'Connell,Kate,F,Fine Gael,F.G.,8,1649,0,4624,,172,17,Cuan Bhaile ï¿½tha Cliath Theas,,2020,Kate O'Connell
Dublin Bay South,O'Leary,Sean,M,Non-Party,NON-P.,8,0,1968,11,Excluded,173,17,Cuan Bhaile ï¿½tha Cliath Theas,,2020,Sean O'Leary
Dublin Bay South,Ryan,Eamonn,M,Green Party/ Comhaontas Glas,G.P.,8,0,0,8888,Elected,174,17,Cuan Bhaile ï¿½tha Cliath Theas,,2020,Eamonn Ryan
Dublin Bay South,Scallan,Ben,M,Irish Freedom Party,I.F.P.,8,0,1725,245,Excluded,175,17,Cuan Bhaile ï¿½tha Cliath Theas,,2020,Ben Scallan
Dublin Central,Brien,Gillian,F,Solidarity - People Before Profit,S.P.B.P.,9,0,0,776,Excluded,161,11,Baile ï¿½tha Cliath Lï¿½ir,,2020,Gillian Brien
Dublin Central,Burke,Christy,M,Non-Party,NON-P.,9,1120,0,1509,,162,11,Baile ï¿½tha Cliath Lï¿½ir,,2020,Christy Burke
Dublin Central,Clohessy,Patrick,M,Non-Party,NON-P.,9,0,1526,33,Excluded,163,11,Baile ï¿½tha Cliath Lï¿½ir,,2020,Patrick Clohessy
Dublin Central,Costello,Joe,M,The Labour Party,LAB.,9,0,0,1702,Excluded,164,11,Baile ï¿½tha Cliath Lï¿½ir,,2020,Joe Costello
Dublin Central,Donohoe,Paschal,M,Fine Gael,F.G.,9,162,0,4181,Elected,165,11,Baile ï¿½tha Cliath Lï¿½ir,,2020,Paschal Donohoe
Dublin Central,Duffy,Deirdre,F,Fine Gael,F.G.,9,0,982,570,Excluded,166,11,Baile ï¿½tha Cliath Lï¿½ir,,2020,Deirdre Duffy
Dublin Central,Fitzpatrick,Mary,F,Fianna Fáil,F.F.,9,0,0,3228,Excluded,167,11,Baile ï¿½tha Cliath Lï¿½ir,,2020,Mary Fitzpatrick
Dublin Central,Gannon,Gary,M,Social Democrats,S.D.,9,570,0,2912,Elected,168,11,Baile ï¿½tha Cliath Lï¿½ir,,2020,Gary Gannon
Dublin Central,Harrold,Rita,F,Solidarity - People Before Profit,S.P.B.P.,9,0,1155,201,Excluded,169,11,Baile ï¿½tha Cliath Lï¿½ir,,2020,Rita Harrold
Dublin Central,Hourigan,Neasa,F,Green Party/ Comhaontas Glas,G.P.,9,0,0,3851,Elected,170,11,Baile ï¿½tha Cliath Lï¿½ir,,2020,Neasa Hourigan
Dublin Central,McDonald,Mary Lou,F,Sinn Féin,S.F.,9,0,0,11223,Elected,171,11,Baile ï¿½tha Cliath Lï¿½ir,,2020,Mary Lou McDonald
Dublin Central,Mulligan,Sarah Louise,F,Non-Party,NON-P.,9,0,1420,124,Excluded,172,11,Baile ï¿½tha Cliath Lï¿½ir,,2020,Sarah Louise Mulligan
Dublin Central,O'Leary,Sean,M,Non-Party,NON-P.,9,0,1554,12,Excluded,173,11,Baile ï¿½tha Cliath Lï¿½ir,,2020,Sean O'Leary
Dublin Central,Ryan,ï¿½ilis,F,Workers Party,W.P.,9,0,911,429,Excluded,174,11,Baile ï¿½tha Cliath Lï¿½ir,,2020,ï¿½ilis Ryan
Dublin Central,Smyth,Ian Noel,M,Aontu,A.,9,0,836,583,Excluded,175,11,Baile ï¿½tha Cliath Lï¿½ir,,2020,Ian Noel Smyth
Dublin Central,Webster,Dolores,F,Non-Party,NON-P.,9,0,1420,101,Excluded,176,11,Baile ï¿½tha Cliath Lï¿½ir,,2020,Dolores Webster
Dublin Fingal,Brady,Glenn,M,Non-Party,NON-P.,12,0,1941,536,Excluded,173,14,Baile ï¿½tha Cliath - Fine Gall,,2020,Glenn Brady
Dublin Fingal,Clifford-Lee,Lorraine,F,Fianna Fáil,F.F.,12,0,0,3523,Excluded,174,14,Baile ï¿½tha Cliath - Fine Gall,,2020,Lorraine Clifford-Lee
Dublin Fingal,Farrell,Alan,M,Fine Gael,F.G.,12,0,0,6213,Elected,175,14,Baile ï¿½tha Cliath - Fine Gall,,2020,Alan Farrell
Dublin Fingal,Kelleher,Terry,M,Solidarity - People Before Profit,S.P.B.P.,12,0,761,674,Excluded,176,14,Baile ï¿½tha Cliath - Fine Gall,,2020,Terry Kelleher
Dublin Fingal,Mulligan,Dean,M,Independents 4 Change,I.4.C.,12,2422,0,2529,,177,14,Baile ï¿½tha Cliath - Fine Gall,,2020,Dean Mulligan
Dublin Fingal,Mulville,Paul,M,Social Democrats,S.D.,12,0,0,2206,Excluded,178,14,Baile ï¿½tha Cliath - Fine Gall,,2020,Paul Mulville
Dublin Fingal,Murphy,Tony,M,Non-Party,NON-P.,12,0,0,3622,Excluded,179,14,Baile ï¿½tha Cliath - Fine Gall,,2020,Tony Murphy
Dublin Fingal,O'Brien,Darragh,M,Fianna Fáil,F.F.,12,0,0,10111,Elected,180,14,Baile ï¿½tha Cliath - Fine Gall,,2020,Darragh O'Brien
Dublin Fingal,O'Brien,Joe,M,Green Party/ Comhaontas Glas,G.P.,12,0,0,8400,Elected,181,14,Baile ï¿½tha Cliath - Fine Gall,,2020,Joe O'Brien
Dublin Fingal,O'Doherty,Gemma,F,Non-Party,NON-P.,12,0,1030,1252,Excluded,182,14,Baile ï¿½tha Cliath - Fine Gall,,2020,Gemma O'Doherty
Dublin Fingal,O'Reilly,Louise,F,Sinn Féin,S.F.,12,0,0,15792,Elected,183,14,Baile ï¿½tha Cliath - Fine Gall,,2020,Louise O'Reilly
Dublin Fingal,Reilly,James,M,Fine Gael,F.G.,12,0,0,3280,Excluded,184,14,Baile ï¿½tha Cliath - Fine Gall,,2020,James Reilly
Dublin Fingal,Smith,Alistair,M,United People,U.P.,12,0,2547,43,Excluded,185,14,Baile ï¿½tha Cliath - Fine Gall,,2020,Alistair Smith
Dublin Fingal,Smith,Duncan,M,The Labour Party,LAB.,12,2234,0,4513,Elected,187,14,Baile ï¿½tha Cliath - Fine Gall,,2020,Duncan Smith
Dublin Fingal,Sweetman,Sandra,F,Non-Party,NON-P.,12,0,2268,259,Excluded,188,14,Baile ï¿½tha Cliath - Fine Gall,,2020,Sandra Sweetman
Dublin Fingal,Uwhumiakpor,Oghenetano John,M,Solidarity - People Before Profit,S.P.B.P.,12,0,1749,487,Excluded,189,14,Baile ï¿½tha Cliath - Fine Gall,,2020,Oghenetano John Uwhumiakpor
Dublin Mid-West,Casserly,Vicki,F,Fine Gael,F.G.,9,0,0,3501,Excluded,190,643,Baile ï¿½tha Cliath Thiar-Meï¿½n,,2020,Vicki Casserly
Dublin Mid-West,Curran,John,M,Fianna Fáil,F.F.,9,1708,0,4931,,191,643,Baile ï¿½tha Cliath Thiar-Meï¿½n,,2020,John Curran
Dublin Mid-West,Gardiner,David,M,Workers Party,W.P.,9,0,1770,452,Excluded,192,643,Baile ï¿½tha Cliath Thiar-Meï¿½n,,2020,David Gardiner
Dublin Mid-West,Gogarty,Paul Nicholas,M,Non-Party,NON-P.,9,0,0,2950,Excluded,193,643,Baile ï¿½tha Cliath Thiar-Meï¿½n,,2020,Paul Nicholas Gogarty
Dublin Mid-West,Higgins,Emer,F,Fine Gael,F.G.,9,0,0,4487,Elected,194,643,Baile ï¿½tha Cliath Thiar-Meï¿½n,,2020,Emer Higgins
Dublin Mid-West,Kavanagh,Peter,M,Green Party/ Comhaontas Glas,G.P.,9,0,0,2785,Excluded,195,643,Baile ï¿½tha Cliath Thiar-Meï¿½n,,2020,Peter Kavanagh
Dublin Mid-West,Kenny,Gino,M,Solidarity - People Before Profit,S.P.B.P.,9,1002,0,3572,Elected,196,643,Baile ï¿½tha Cliath Thiar-Meï¿½n,,2020,Gino Kenny
Dublin Mid-West,Mc Clean,Caitrï¿½ona,F,Fianna Fáil,F.F.,9,0,1596,667,Excluded,197,643,Baile ï¿½tha Cliath Thiar-Meï¿½n,,2020,Caitrï¿½ona Mc Clean
Dublin Mid-West,ï¿½ Broin,Eoin,M,Sinn Féin,S.F.,9,0,0,11842,Elected,198,643,Baile ï¿½tha Cliath Thiar-Meï¿½n,,2020,Eoin ï¿½ Broin
Dublin Mid-West,Timmons,Francis,M,Non-Party,NON-P.,9,0,974,1103,Excluded,199,643,Baile ï¿½tha Cliath Thiar-Meï¿½n,,2020,Francis Timmons
Dublin Mid-West,Tuffy,Joanna,F,The Labour Party,LAB.,9,0,522,1541,Excluded,200,643,Baile ï¿½tha Cliath Thiar-Meï¿½n,,2020,Joanna Tuffy
Dublin Mid-West,Ward,Mark,M,Sinn Féin,S.F.,9,0,0,7621,Elected,201,643,Baile ï¿½tha Cliath Thiar-Meï¿½n,,2020,Mark Ward
Dublin North West,Conroy,Caroline,F,Green Party/ Comhaontas Glas,G.P.,6,0,0,1548,Excluded,161,15,Baile ï¿½tha Cliath Thiar Thuaidh,,2020,Caroline Conroy
Dublin North West,Croft,Ian,M,Non-Party,NON-P.,6,0,1577,209,Excluded,162,15,Baile ï¿½tha Cliath Thiar Thuaidh,,2020,Ian Croft
Dublin North West,Ellis,Dessie,M,Sinn Féin,S.F.,6,0,0,14375,Elected,163,15,Baile ï¿½tha Cliath Thiar Thuaidh,,2020,Dessie Ellis
Dublin North West,Fitzgerald,Niall,M,Non-Party,NON-P.,6,0,1789,115,Excluded,164,15,Baile ï¿½tha Cliath Thiar Thuaidh,,2020,Niall Fitzgerald
Dublin North West,McAuliffe,Paul,M,Fianna Fáil,F.F.,6,694,0,3902,Elected,165,15,Baile ï¿½tha Cliath Thiar Thuaidh,,2020,Paul McAuliffe
Dublin North West,Montague,Andrew,M,The Labour Party,LAB.,6,0,785,848,Excluded,166,15,Baile ï¿½tha Cliath Thiar Thuaidh,,2020,Andrew Montague
Dublin North West,Reddy,Conor,M,Solidarity - People Before Profit,S.P.B.P.,6,1789,0,1215,,167,15,Baile ï¿½tha Cliath Thiar Thuaidh,,2020,Conor Reddy
Dublin North West,Redmond,Stephen,M,The National Party,T.N.P.A.P.N.,6,0,1175,471,Excluded,168,15,Baile ï¿½tha Cliath Thiar Thuaidh,,2020,Stephen Redmond
Dublin North West,Rock,Noel,M,Fine Gael,F.G.,6,0,0,3579,Excluded,169,15,Baile ï¿½tha Cliath Thiar Thuaidh,,2020,Noel Rock
Dublin North West,Shortall,Rï¿½isï¿½n,F,Social Democrats,S.D.,6,0,0,6124,Elected,170,15,Baile ï¿½tha Cliath Thiar Thuaidh,,2020,Rï¿½isï¿½n Shortall
Dublin Rathdown,Brennan,Shay,M,Fianna Fáil,F.F.,8,2324,0,4549,Excluded,202,18,Baile ï¿½tha Cliath-Rï¿½th an Dï¿½in,,2020,Shay Brennan
Dublin Rathdown,Conroy,Deirdre,F,Fianna Fáil,F.F.,8,0,1765,886,Excluded,203,18,Baile ï¿½tha Cliath-Rï¿½th an Dï¿½in,,2020,Deirdre Conroy
Dublin Rathdown,Coughlan,Liam,M,Aontu,A.,8,0,1201,1413,Excluded,204,18,Baile ï¿½tha Cliath-Rï¿½th an Dï¿½in,,2020,Liam Coughlan
Dublin Rathdown,Madigan,Josepha,F,Fine Gael,F.G.,8,1924,0,6482,Elected,205,18,Baile ï¿½tha Cliath-Rï¿½th an Dï¿½in,,2020,Josepha Madigan
Dublin Rathdown,Martin,Catherine,F,Green Party/ Comhaontas Glas,G.P.,8,0,0,8958,Elected,206,18,Baile ï¿½tha Cliath-Rï¿½th an Dï¿½in,,2020,Catherine Martin
Dublin Rathdown,McCarthy,Lettie,F,The Labour Party,LAB.,8,0,0,3179,Excluded,207,18,Baile ï¿½tha Cliath-Rï¿½th an Dï¿½in,,2020,Lettie McCarthy
Dublin Rathdown,Nic Cormaic,Sorcha Nic Cormaic,F,Sinn Féin,S.F.,8,0,0,4926,Excluded,208,18,Baile ï¿½tha Cliath-Rï¿½th an Dï¿½in,,2020,Sorcha Nic Cormaic Nic Cormaic
Dublin Rathdown,Noonan,Patrick,M,Non-Party,NON-P.,8,0,2301,350,Excluded,209,18,Baile ï¿½tha Cliath-Rï¿½th an Dï¿½in,,2020,Patrick Noonan
Dublin Rathdown,ï¿½ Ceannabhï¿½in,Eoghan,M,Solidarity - People Before Profit,S.P.B.P.,8,0,971,1498,Excluded,210,18,Baile ï¿½tha Cliath-Rï¿½th an Dï¿½in,,2020,Eoghan ï¿½ Ceannabhï¿½in
Dublin Rathdown,Richmond,Neale,M,Fine Gael,F.G.,8,897,0,6743,Elected,211,18,Baile ï¿½tha Cliath-Rï¿½th an Dï¿½in,,2020,Neale Richmond
Dublin Rathdown,Ross,Shane,M,Non-Party,NON-P.,8,0,0,3419,Excluded,212,18,Baile ï¿½tha Cliath-Rï¿½th an Dï¿½in,,2020,Shane Ross
Dublin South Central,Ardagh,Catherine,F,Fianna Fáil,F.F.,6,0,0,4782,Excluded,161,16,Baile ï¿½tha Cliath Theas-Lï¿½r,,2020,Catherine Ardagh
Dublin South Central,Byrne,Catherine,F,Fine Gael,F.G.,6,1228,0,5078,Excluded,162,16,Baile ï¿½tha Cliath Theas-Lï¿½r,,2020,Catherine Byrne
Dublin South Central,Collins,Joan,F,Independents 4 Change,I.4.C.,6,852,0,2831,Elected,163,16,Baile ï¿½tha Cliath Theas-Lï¿½r,,2020,Joan Collins
Dublin South Central,Costello,Patrick,M,Green Party/ Comhaontas Glas,G.P.,6,77,0,4041,Elected,164,16,Baile ï¿½tha Cliath Theas-Lï¿½r,,2020,Patrick Costello
Dublin South Central,Deacy,Tara,F,Social Democrats,S.D.,6,0,0,1595,Excluded,165,16,Baile ï¿½tha Cliath Theas-Lï¿½r,,2020,Tara Deacy
Dublin South Central,Foley,Robert,M,Non-Party,NON-P.,6,0,2044,78,Excluded,166,16,Baile ï¿½tha Cliath Theas-Lï¿½r,,2020,Robert Foley
Dublin South Central,Ervine,Serina,F,The National Party,T.N.P.A.P.N.,6,0,1364,632,Excluded,167,16,Baile ï¿½tha Cliath Theas-Lï¿½r,,2020,Serina Ervine
Dublin South Central,Kerrigan,Alan,M,Non-Party,NON-P.,6,0,1908,146,Excluded,168,16,Baile ï¿½tha Cliath Theas-Lï¿½r,,2020,Alan Kerrigan
Dublin South Central,Moynihan,Rebecca,F,The Labour Party,LAB.,6,0,0,2095,Excluded,169,16,Baile ï¿½tha Cliath Theas-Lï¿½r,,2020,Rebecca Moynihan
Dublin South Central,Murray,Richard,M,Non-Party,NON-P.,6,0,1653,207,Excluded,170,16,Baile ï¿½tha Cliath Theas-Lï¿½r,,2020,Richard Murray
Dublin South Central,O'Leary,Sean,M,Non-Party,NON-P.,6,0,2094,38,Excluded,171,16,Baile ï¿½tha Cliath Theas-Lï¿½r,,2020,Sean O'Leary
Dublin South Central,ï¿½'Snodaigh,Aengus,M,Sinn Féin,S.F.,6,0,0,17015,Elected,172,16,Baile ï¿½tha Cliath Theas-Lï¿½r,,2020,Aengus ï¿½'Snodaigh
Dublin South Central,Smith,Brï¿½d,F,Solidarity - People Before Profit,S.P.B.P.,6,0,0,4753,Elected,173,16,Baile ï¿½tha Cliath Theas-Lï¿½r,,2020,Brï¿½d Smith
Dublin South West,Ahern,Ciarï¿½n,M,The Labour Party,LAB.,11,0,0,3603,Excluded,213,19,Baile ï¿½tha Cliath Thiar Theas,,2020,Ciarï¿½n Ahern
Dublin South West,Bailey,Carly,F,Social Democrats,S.D.,11,0,0,2761,Excluded,214,19,Baile ï¿½tha Cliath Thiar Theas,,2020,Carly Bailey
Dublin South West,Brophy,Colm,M,Fine Gael,F.G.,11,0,0,8269,Elected,215,19,Baile ï¿½tha Cliath Thiar Theas,,2020,Colm Brophy
Dublin South West,Condren,Anne Marie,F,Renua Ireland,R.I.,11,0,1831,886,Excluded,216,19,Baile ï¿½tha Cliath Thiar Theas,,2020,Anne Marie Condren
Dublin South West,Crowe,Seï¿½n,M,Sinn Féin,S.F.,11,0,0,20077,Elected,217,19,Baile ï¿½tha Cliath Thiar Theas,,2020,Seï¿½n Crowe
Dublin South West,Duff,Mick,M,Non-Party,NON-P.,11,0,606,1268,Excluded,218,19,Baile ï¿½tha Cliath Thiar Theas,,2020,Mick Duff
Dublin South West,Duffy,Francis Noel,M,Green Party/ Comhaontas Glas,G.P.,11,123,0,4961,Elected,219,19,Baile ï¿½tha Cliath Thiar Theas,,2020,Francis Noel Duffy
Dublin South West,Dwyer,Philip,M,The National Party,T.N.P.A.P.N.,11,0,2199,508,Excluded,220,19,Baile ï¿½tha Cliath Thiar Theas,,2020,Philip Dwyer
Dublin South West,Fay,Sandra,F,Solidarity - People Before Profit,S.P.B.P.,11,0,0,1653,Excluded,221,19,Baile ï¿½tha Cliath Thiar Theas,,2020,Sandra Fay
Dublin South West,Lahart,John,M,Fianna Fáil,F.F.,11,287,0,5503,Elected,222,19,Baile ï¿½tha Cliath Thiar Theas,,2020,John Lahart
Dublin South West,Murphy,Paul,M,Solidarity - People Before Profit,S.P.B.P.,11,0,0,4477,Elected,223,19,Baile ï¿½tha Cliath Thiar Theas,,2020,Paul Murphy
Dublin South West,O'Connor,Charlie,M,Fianna Fáil,F.F.,11,0,0,3376,Excluded,224,19,Baile ï¿½tha Cliath Thiar Theas,,2020,Charlie O'Connor
Dublin South West,O'Donovan,Deirdre,F,Fianna Fáil,F.F.,11,0,0,3314,Excluded,225,19,Baile ï¿½tha Cliath Thiar Theas,,2020,Deirdre O'Donovan
Dublin South West,O'Keeffe,Colm,M,Non-Party,NON-P.,11,0,2675,90,Excluded,226,19,Baile ï¿½tha Cliath Thiar Theas,,2020,Colm O'Keeffe
Dublin South West,O'Malley Dunlop,Ellen,F,Fine Gael,F.G.,11,0,0,3111,Excluded,227,19,Baile ï¿½tha Cliath Thiar Theas,,2020,Ellen O'Malley Dunlop
Dublin South West,Zappone,Katherine,F,Non-Party,NON-P.,11,3211,0,3708,,228,19,Baile ï¿½tha Cliath Thiar Theas,,2020,Katherine Zappone
Dublin West,Burton,Joan,F,The Labour Party,LAB.,6,0,0,2096,Excluded,229,20,Baile ï¿½tha Thiar,,2020,Joan Burton
Dublin West,Casey,Peter,M,Non-Party,NON-P.,6,0,1474,495,Excluded,230,20,Baile ï¿½tha Thiar,,2020,Peter Casey
Dublin West,Chambers,Jack,M,Fianna Fáil,F.F.,6,0,0,6892,Elected,231,20,Baile ï¿½tha Thiar,,2020,Jack Chambers
Dublin West,Coppinger,Ruth,F,Solidarity - People Before Profit,S.P.B.P.,6,1146,0,4353,,232,20,Baile ï¿½tha Thiar,,2020,Ruth Coppinger
Dublin West,Currie,Emer,F,Fine Gael,F.G.,6,0,152,1870,Excluded,233,20,Baile ï¿½tha Thiar,,2020,Emer Currie
Dublin West,Donnelly,Paul,M,Sinn Féin,S.F.,6,0,0,12456,Elected,234,20,Baile ï¿½tha Thiar,,2020,Paul Donnelly
Dublin West,MacManus,Edward,M,Aontu,A.,6,0,660,1062,Excluded,235,20,Baile ï¿½tha Thiar,,2020,Edward MacManus
Dublin West,O'Gorman,Roderic,M,Green Party/ Comhaontas Glas,G.P.,6,466,0,4901,Elected,236,20,Baile ï¿½tha Thiar,,2020,Roderic O'Gorman
Dublin West,O'Leary,Sean,M,Non-Party,NON-P.,6,0,2117,24,Excluded,237,20,Baile ï¿½tha Thiar,,2020,Sean O'Leary
Dublin West,O'Loughlin,Stephen,M,Non-Party,NON-P.,6,0,1857,184,Excluded,238,20,Baile ï¿½tha Thiar,,2020,Stephen O'Loughlin
Dublin West,ï¿½ Maolï¿½in,Aengus,M,Social Democrats,S.D.,6,0,933,817,Excluded,239,20,Baile ï¿½tha Thiar,,2020,Aengus ï¿½ Maolï¿½in
Dublin West,Varadkar,Leo,M,Fine Gael,F.G.,6,0,0,8478,Elected,240,20,Baile ï¿½tha Thiar,,2020,Leo Varadkar
Dun Laoghaire,Boyd Barrett,Richard,M,Solidarity - People Before Profit,S.P.B.P.,8,0,0,9632,Elected,241,21,Dï¿½n Laoghaire,,2020,Richard Boyd Barrett
Dun Laoghaire,Carroll MacNeill,Jennifer,F,Fine Gael,F.G.,8,398,0,7754,Elected,242,21,Dï¿½n Laoghaire,,2020,Jennifer Carroll MacNeill
Dun Laoghaire,Devlin,Cormac,M,Fianna Fáil,F.F.,8,1388,0,5715,Elected,243,21,Dï¿½n Laoghaire,,2020,Cormac Devlin
Dun Laoghaire,Hanafin,Mary,F,Fianna Fáil,F.F.,8,0,0,4196,Excluded,244,21,Dï¿½n Laoghaire,,2020,Mary Hanafin
Dun Laoghaire,Mitchell O'Connor,Mary,F,Fine Gael,F.G.,8,1847,0,7330,,245,21,Dï¿½n Laoghaire,,2020,Mary Mitchell O'Connor
Dun Laoghaire,O'Brien,Shane,M,Sinn Féin,S.F.,8,0,0,6002,Excluded,246,21,Dï¿½n Laoghaire,,2020,Shane O'Brien
Dun Laoghaire,O'Connell,Juliet,F,The Labour Party,LAB.,8,0,0,3009,Excluded,247,21,Dï¿½n Laoghaire,,2020,Juliet O'Connell
Dun Laoghaire,ï¿½ Laoghaire,Con ï¿½g,M,Irish Freedom Party,I.F.P.,8,0,2996,119,Excluded,248,21,Dï¿½n Laoghaire,,2020,Con ï¿½g ï¿½ Laoghaire
Dun Laoghaire,Quinn,Dave,M,Social Democrats,S.D.,8,0,1696,1382,Excluded,249,21,Dï¿½n Laoghaire,,2020,Dave Quinn
Dun Laoghaire,Smyth,Ossian,M,Green Party/ Comhaontas Glas,G.P.,8,0,0,9300,Elected,250,21,Dï¿½n Laoghaire,,2020,Ossian Smyth
Dun Laoghaire,Tï¿½ibï¿½n,Mairï¿½ad,F,Aontu,A.,8,0,1576,1185,Excluded,251,21,Dï¿½n Laoghaire,,2020,Mairï¿½ad Tï¿½ibï¿½n
Dun Laoghaire,Ward,Barry,M,Fine Gael,F.G.,8,0,0,5744,Excluded,252,21,Dï¿½n Laoghaire,,2020,Barry Ward
Dun Laoghaire,Waters,John,M,Non-Party,NON-P.,8,0,2190,925,Excluded,253,21,Dï¿½n Laoghaire,,2020,John Waters
Galway East,CANNEY,Seï¿½n,M,Non-Party,NON-P.,8,0,0,7815,Elected,161,22,Gaillimh Thoir,,2020,Seï¿½n CANNEY
Galway East,CANNON,Ciaran,M,Fine Gael,F.G.,8,0,0,6298,Elected,162,22,Gaillimh Thoir,,2020,Ciaran CANNON
Galway East,KILLILEA,Donagh Mark,M,Fianna Fáil,F.F.,8,0,0,4932,Excluded,163,22,Gaillimh Thoir,,2020,Donagh Mark KILLILEA
Galway East,MAC CANNA,Deaglï¿½n,M,Renua Ireland,R.I.,8,0,2532,126,Excluded,164,22,Gaillimh Thoir,,2020,Deaglï¿½n MAC CANNA
Galway East,MADDEN,Eoin,M,Green Party/ Comhaontas Glas,G.P.,8,0,11,1924,Excluded,165,22,Gaillimh Thoir,,2020,Eoin MADDEN
Galway East,O'HARA,Louis,M,Sinn Féin,S.F.,8,946,0,7108,,166,22,Gaillimh Thoir,,2020,Louis O'HARA
Galway East,O'REILLY,David,M,Non-Party,NON-P.,8,0,2412,246,Excluded,167,22,Gaillimh Thoir,,2020,David O'REILLY
Galway East,RABBITTE,Anne,F,Fianna Fáil,F.F.,8,609,0,5762,Elected,168,22,Gaillimh Thoir,,2020,Anne RABBITTE
Galway East,REID,Peter,M,Social Democrats,S.D.,8,0,1766,848,Excluded,169,22,Gaillimh Thoir,,2020,Peter REID
Galway East,ROCHE,Peter,M,Fine Gael,F.G.,8,0,0,6034,Excluded,170,22,Gaillimh Thoir,,2020,Peter ROCHE
Galway East,SPELMAN,Marian,F,The Labour Party,LAB.,8,0,1768,845,Excluded,171,22,Gaillimh Thoir,,2020,Marian SPELMAN
Galway East,WARD,"Martin ""Jonesy""",M,Aontu,A.,8,0,1988,582,Excluded,172,22,Gaillimh Thoir,,2020,"Martin ""Jonesy"" WARD"
Galway West,Burke,Conor,M,Solidarity - People Before Profit,S.P.B.P.,13,0,2003,495,Excluded,161,23,Gaillimh Thiar,,2020,Conor Burke
Galway West,Connolly,Catherine,F,Non-Party,NON-P.,13,0,0,5439,Elected,162,23,Gaillimh Thiar,,2020,Catherine Connolly
Galway West,ï¿½ Corcorï¿½in,Cormac,M,Aontu,A.,13,0,1397,1058,Excluded,163,23,Gaillimh Thiar,,2020,Cormac ï¿½ Corcorï¿½in
Galway West,Crowe,Ollie,M,Fianna Fáil,F.F.,13,0,0,5175,Excluded,164,23,Gaillimh Thiar,,2020,Ollie Crowe
Galway West,Cubbard,Mike,M,Non-Party,NON-P.,13,0,0,2676,Excluded,165,23,Gaillimh Thiar,,2020,Mike Cubbard
Galway West,Cuï¿½v ï¿½,ï¿½amon,M,Fianna Fáil,F.F.,13,0,0,8522,Elected,166,23,Gaillimh Thiar,,2020,ï¿½amon Cuï¿½v ï¿½
Galway West,Farrell,Mairï¿½ad,F,Sinn Féin,S.F.,13,0,0,8464,Elected,167,23,Gaillimh Thiar,,2020,Mairï¿½ad Farrell
Galway West,O Flaherty,Daragh,M,Non-Party,NON-P.,13,0,2197,318,Excluded,168,23,Gaillimh Thiar,,2020,Daragh O Flaherty
Galway West,Grealish,Noel,M,Non-Party,NON-P.,13,0,0,8043,Elected,169,23,Gaillimh Thiar,,2020,Noel Grealish
Galway West,Kyne,Seï¿½n,M,Fine Gael,F.G.,13,2483,0,5284,Excluded,170,23,Gaillimh Thiar,,2020,Seï¿½n Kyne
Galway West,Loughnane,Joe,M,Solidarity - People Before Profit,S.P.B.P.,13,0,2070,437,Excluded,171,23,Gaillimh Thiar,,2020,Joe Loughnane
Galway West,Mc Nelis,Nï¿½all,M,The Labour Party,LAB.,13,0,922,1548,Excluded,172,23,Gaillimh Thiar,,2020,Nï¿½all Mc Nelis
Galway West,Naughton,Hildegarde,F,Fine Gael,F.G.,13,538,0,5609,Elected,173,23,Gaillimh Thiar,,2020,Hildegarde Naughton
Galway West,O'Reilly,Pauline,F,Green Party/ Comhaontas Glas,G.P.,13,0,0,3650,Excluded,174,23,Gaillimh Thiar,,2020,Pauline O'Reilly
Galway West,ï¿½ Tuathail,Niall,M,Social Democrats,S.D.,13,0,0,3623,Excluded,175,23,Gaillimh Thiar,,2020,Niall ï¿½ Tuathail
Kerry,Bowler,John,M,Irish Freedom Party,I.F.P.,8,0,2597,473,Excluded,161,24,Ciarraï¿½,,2020,John Bowler
Kerry,Brassil,John,M,Fianna Fáil,F.F.,8,4290,0,5431,,162,24,Ciarraï¿½,,2020,John Brassil
Kerry,Cronin,Ted,M,Non-Party,NON-P.,8,0,2693,391,Excluded,163,24,Ciarraï¿½,,2020,Ted Cronin
Kerry,Daly,Pa,M,Sinn Féin,S.F.,8,0,0,15733,Elected,164,24,Ciarraï¿½,,2020,Pa Daly
Kerry,Foley,Norma,F,Fianna Fáil,F.F.,8,956,0,6856,Elected,165,24,Ciarraï¿½,,2020,Norma Foley
Kerry,Foran,Sonny,M,Aontu,A.,8,0,1833,1109,Excluded,166,24,Ciarraï¿½,,2020,Sonny Foran
Kerry,Griffin,Brendan,M,Fine Gael,F.G.,8,0,0,10296,Elected,167,24,Ciarraï¿½,,2020,Brendan Griffin
Kerry,Healy-Rae,Danny,M,Non-Party,NON-P.,8,0,0,8663,Elected,168,24,Ciarraï¿½,,2020,Danny Healy-Rae
Kerry,Healy-Rae,Michael,M,Non-Party,NON-P.,8,0,0,16818,Elected,169,24,Ciarraï¿½,,2020,Michael Healy-Rae
Kerry,Kennelly,Mike,M,Fine Gael,F.G.,8,0,0,3974,Excluded,170,24,Ciarraï¿½,,2020,Mike Kennelly
Kerry,Moriarty,Norma,F,Fianna Fáil,F.F.,8,0,0,3767,Excluded,171,24,Ciarraï¿½,,2020,Norma Moriarty
Kerry,Murphy,Cleo,F,Green Party/ Comhaontas Glas,G.P.,8,0,0,4122,Excluded,172,24,Ciarraï¿½,,2020,Cleo Murphy
Kerry,O'Leary,Sean,M,Non-Party,NON-P.,8,0,3177,33,Excluded,173,24,Ciarraï¿½,,2020,Sean O'Leary
Kildare North,Cronin,Rï¿½ada,F,Sinn Féin,S.F.,6,0,0,8705,Elected,163,26,Cill Dara Thuaidh,,2020,Rï¿½ada Cronin
Kildare North,Durkan,Bernard,M,Fine Gael,F.G.,6,0,0,5447,Elected,164,26,Cill Dara Thuaidh,,2020,Bernard Durkan
Kildare North,Lawless,James,M,Fianna Fáil,F.F.,6,833,0,7029,Elected,165,26,Cill Dara Thuaidh,,2020,James Lawless
Kildare North,Lawlor,Anthony,M,Fine Gael,F.G.,6,0,0,3621,Excluded,166,26,Cill Dara Thuaidh,,2020,Anthony Lawlor
Kildare North,Mahon,Paul,M,Solidarity - People Before Profit,S.P.B.P.,6,0,1687,861,Excluded,167,26,Cill Dara Thuaidh,,2020,Paul Mahon
Kildare North,Martin,Vincent P.,M,Green Party/ Comhaontas Glas,G.P.,6,0,0,5100,Excluded,168,26,Cill Dara Thuaidh,,2020,Vincent P. Martin
Kildare North,Monaghan,David,M,Non-Party,NON-P.,6,0,2351,197,Excluded,169,26,Cill Dara Thuaidh,,2020,David Monaghan
Kildare North,Murphy,Catherine,F,Social Democrats,S.D.,6,0,0,9808,Elected,170,26,Cill Dara Thuaidh,,2020,Catherine Murphy
Kildare North,ï¿½ Riain,Sï¿½amus,M,Renua Ireland,R.I.,6,0,1581,967,Excluded,171,26,Cill Dara Thuaidh,,2020,Sï¿½amus ï¿½ Riain
Kildare North,O'Rourke,Frank,M,Fianna Fáil,F.F.,6,2234,0,6336,,172,26,Cill Dara Thuaidh,,2020,Frank O'Rourke
Kildare North,Stagg,Emmet,M,The Labour Party,LAB.,6,0,0,2751,Excluded,173,26,Cill Dara Thuaidh,,2020,Emmet Stagg
Kildare North,Swords,Wayne,M,Non-Party,NON-P.,6,0,2425,123,Excluded,174,26,Cill Dara Thuaidh,,2020,Wayne Swords
Kildare South,Berry,Cathal,M,Non-Party,NON-P.,8,876,0,5742,Elected,163,187,Cill Dara Theas,,2020,Cathal Berry
Kildare South,Doyle,Suzanne,F,Fianna Fáil,F.F.,8,0,0,3580,Excluded,164,187,Cill Dara Theas,,2020,Suzanne Doyle
Kildare South,Hayden,Linda,F,Social Democrats,S.D.,8,0,1481,1338,Excluded,165,187,Cill Dara Theas,,2020,Linda Hayden
Kildare South,Heydon,Martin,M,Fine Gael,F.G.,8,106,0,8069,Elected,166,187,Cill Dara Theas,,2020,Martin Heydon
Kildare South,Maher,Ronan,M,Green Party/ Comhaontas Glas,G.P.,8,0,811,1639,Excluded,167,187,Cill Dara Theas,,2020,Ronan Maher
Kildare South,McLoughlin Healy,Fiona,F,Non-Party,NON-P.,8,0,0,3616,Excluded,168,187,Cill Dara Theas,,2020,Fiona McLoughlin Healy
Kildare South,Mhic Gib,Anita,F,Aontu,A.,8,0,2258,697,Excluded,169,187,Cill Dara Theas,,2020,Anita Mhic Gib
Kildare South,O'Loughlin,Fiona,F,Fianna Fáil,F.F.,8,1391,0,5927,Excluded,170,187,Cill Dara Theas,,2020,Fiona O'Loughlin
Kildare South,Ryan,Patricia,F,Sinn Féin,S.F.,8,0,0,10155,Elected,171,187,Cill Dara Theas,,2020,Patricia Ryan
Kildare South,Uï¿½ Bhroin,Rï¿½isï¿½n,F,Solidarity - People Before Profit,S.P.B.P.,8,0,2357,598,Excluded,172,187,Cill Dara Theas,,2020,Rï¿½isï¿½n Uï¿½ Bhroin
Kildare South,Wall,Mark,M,The Labour Party,LAB.,8,0,0,5899,Excluded,173,187,Cill Dara Theas,,2020,Mark Wall
Laois-Offaly,Corcoran Kennedy,Marcella,F,Fine Gael,F.G.,11,0,0,4519,Excluded,161,27,Laois-Uï¿½bh Fhailï¿½,,2020,Marcella Corcoran Kennedy
Laois-Offaly,Cowen,Barry,M,Fianna Fáil,F.F.,11,0,0,8677,Elected,162,27,Laois-Uï¿½bh Fhailï¿½,,2020,Barry Cowen
Laois-Offaly,Daly,John,M,The National Party,T.N.P.A.P.N.,11,0,2336,441,Excluded,163,27,Laois-Uï¿½bh Fhailï¿½,,2020,John Daly
Laois-Offaly,Flanagan,Charlie,M,Fine Gael,F.G.,11,0,0,7463,Elected,164,27,Laois-Uï¿½bh Fhailï¿½,,2020,Charlie Flanagan
Laois-Offaly,Flanagan,Pauline,F,Fianna Fáil,F.F.,11,0,1019,1744,Excluded,165,27,Laois-Uï¿½bh Fhailï¿½,,2020,Pauline Flanagan
Laois-Offaly,Fleming,Sean,M,Fianna Fáil,F.F.,11,207,0,7636,Elected,166,27,Laois-Uï¿½bh Fhailï¿½,,2020,Sean Fleming
Laois-Offaly,Hackett,Pippa,F,Green Party/ Comhaontas Glas,G.P.,11,4462,0,3494,,167,27,Laois-Uï¿½bh Fhailï¿½,,2020,Pippa Hackett
Laois-Offaly,Leahy,John,M,Non-Party,NON-P.,11,0,0,3463,Excluded,168,27,Laois-Uï¿½bh Fhailï¿½,,2020,John Leahy
Laois-Offaly,Nolan,Carol,F,Non-Party,NON-P.,11,0,0,5436,Elected,169,27,Laois-Uï¿½bh Fhailï¿½,,2020,Carol Nolan
Laois-Offaly,Ormond,Peter,M,Fianna Fáil,F.F.,11,0,0,4073,Excluded,170,27,Laois-Uï¿½bh Fhailï¿½,,2020,Peter Ormond
Laois-Offaly,O'Rourke,Noel,M,Renua Ireland,R.I.,11,0,2537,290,Excluded,172,27,Laois-Uï¿½bh Fhailï¿½,,2020,Noel O'Rourke
Laois-Offaly,Smollen,Ken,M,Irish Democratic Party,I.D.P.,11,0,0,2611,Excluded,173,27,Laois-Uï¿½bh Fhailï¿½,,2020,Ken Smollen
Laois-Offaly,Stanley,Brian,M,Sinn Féin,S.F.,11,0,0,16654,Elected,174,27,Laois-Uï¿½bh Fhailï¿½,,2020,Brian Stanley
Laois-Offaly,Touhy,Noel,M,The Labour Party,LAB.,11,0,0,2011,Excluded,175,27,Laois-Uï¿½bh Fhailï¿½,,2020,Noel Touhy
Laois-Offaly,Tynan,Stephen,M,Solidarity - People Before Profit,S.P.B.P.,11,0,620,910,Excluded,176,27,Laois-Uï¿½bh Fhailï¿½,,2020,Stephen Tynan
Limerick City,Barrett,Rebecca,F,The National Party,T.N.P.A.P.N.,9,0,1927,345,Excluded,161,28,Cathair Luimnigh,,2020,Rebecca Barrett
Limerick City,Blake,Jenny,F,Social Democrats,S.D.,9,0,0,1799,Excluded,162,28,Cathair Luimnigh,,2020,Jenny Blake
Limerick City,Byrne,Maria,F,Fine Gael,F.G.,9,0,0,2998,Excluded,163,28,Cathair Luimnigh,,2020,Maria Byrne
Limerick City,Cahillane,Mary,F,Solidarity - People Before Profit,S.P.B.P.,9,0,1299,701,Excluded,164,28,Cathair Luimnigh,,2020,Mary Cahillane
Limerick City,Collins,James,M,Fianna Fáil,F.F.,9,0,0,2759,Excluded,165,28,Cathair Luimnigh,,2020,James Collins
Limerick City,Daly,Frankie,M,Non-Party,NON-P.,9,2506,0,3200,,166,28,Cathair Luimnigh,,2020,Frankie Daly
Limerick City,Leddin,Brian,M,Green Party/ Comhaontas Glas,G.P.,9,1019,0,3252,Elected,167,28,Cathair Luimnigh,,2020,Brian Leddin
Limerick City,O'Dea,Willie,M,Fianna Fáil,F.F.,9,0,0,9198,Elected,168,28,Cathair Luimnigh,,2020,Willie O'Dea
Limerick City,O'Donnell,Kieran,M,Fine Gael,F.G.,9,0,0,6589,Elected,169,28,Cathair Luimnigh,,2020,Kieran O'Donnell
Limerick City,O'Sullivan,Jan,F,The Labour Party,LAB.,9,0,0,2729,Excluded,170,28,Cathair Luimnigh,,2020,Jan O'Sullivan
Limerick City,Quinlivan,Maurice,M,Sinn Féin,S.F.,9,0,0,11006,Elected,171,28,Cathair Luimnigh,,2020,Maurice Quinlivan
Limerick City,Ryan,Michael,M,Aontu,A.,9,0,447,1553,Excluded,172,28,Cathair Luimnigh,,2020,Michael Ryan
Limerick County,Collins,Michael,M,Fianna Fáil,F.F.,6,0,0,5150,Excluded,161,29,Contae Luimnigh,,2020,Michael Collins
Limerick County,Collins,Niall,M,Fianna Fáil,F.F.,6,0,0,8436,Elected,162,29,Contae Luimnigh,,2020,Niall Collins
Limerick County,Cremin,Con,M,Non-Party,NON-P.,6,0,2508,373,Excluded,163,29,Contae Luimnigh,,2020,Con Cremin
Limerick County,Dalton,John,M,Renua Ireland,R.I.,6,0,2568,313,Excluded,164,29,Contae Luimnigh,,2020,John Dalton
Limerick County,Keating,Claire,F,Green Party/ Comhaontas Glas,G.P.,6,0,193,2503,Excluded,165,29,Contae Luimnigh,,2020,Claire Keating
Limerick County,Neville,Tom,M,Fine Gael,F.G.,6,0,0,5810,Excluded,166,29,Contae Luimnigh,,2020,Tom Neville
Limerick County,Ni Mhaoldhomhnaigh,Cristin,F,The National Party,T.N.P.A.P.N.,6,0,2657,224,Excluded,167,29,Contae Luimnigh,,2020,Cristin Ni Mhaoldhomhnaigh
Limerick County,O'Ceallaigh,Seighin,M,Sinn Féin,S.F.,6,2568,0,6916,,168,29,Contae Luimnigh,,2020,Seighin O'Ceallaigh
Limerick County,O'Donnell,Robert,M,Non-Party,NON-P.,6,0,2479,402,Excluded,169,29,Contae Luimnigh,,2020,Robert O'Donnell
Limerick County,O'Donoghue,Conor,M,Aontu,A.,6,0,2167,714,Excluded,170,29,Contae Luimnigh,,2020,Conor O'Donoghue
Limerick County,O'Donoghue,Richard,M,Non-Party,NON-P.,6,1203,0,6021,Elected,171,29,Contae Luimnigh,,2020,Richard O'Donoghue
Limerick County,O'Donovan,Patrick,M,Fine Gael,F.G.,6,0,0,9228,Elected,172,29,Contae Luimnigh,,2020,Patrick O'Donovan
Longford-Westmeath,Burke,Peter,M,Fine Gael,F.G.,10,243,0,6617,Elected,161,30,An Longfort-An Iarmhï¿½,,2020,Peter Burke
Longford-Westmeath,Carrigy,Micheï¿½l,M,Fine Gael,F.G.,10,0,0,6334,Excluded,162,30,An Longfort-An Iarmhï¿½,,2020,Micheï¿½l Carrigy
Longford-Westmeath,Clarke,Sorca,F,Sinn Féin,S.F.,10,0,0,11848,Elected,163,30,An Longfort-An Iarmhï¿½,,2020,Sorca Clarke
Longford-Westmeath,Flaherty,Joe,M,Fianna Fáil,F.F.,10,213,0,7666,Elected,164,30,An Longfort-An Iarmhï¿½,,2020,Joe Flaherty
Longford-Westmeath,Heavin,Louise,F,Green Party/ Comhaontas Glas,G.P.,10,0,0,2325,Excluded,165,30,An Longfort-An Iarmhï¿½,,2020,Louise Heavin
Longford-Westmeath,Jackson,Donal,M,Non-Party,NON-P.,10,0,2737,71,Excluded,166,30,An Longfort-An Iarmhï¿½,,2020,Donal Jackson
Longford-Westmeath,Kavanagh,Anna,F,Non-Party,NON-P.,10,0,2412,334,Excluded,167,30,An Longfort-An Iarmhï¿½,,2020,Anna Kavanagh
Longford-Westmeath,Kilbride,Frank,M,Non-Party,NON-P.,10,0,2614,197,Excluded,168,30,An Longfort-An Iarmhï¿½,,2020,Frank Kilbride
Longford-Westmeath,Mangan,Alan Budda,M,The Labour Party,LAB.,10,0,701,1904,Excluded,169,30,An Longfort-An Iarmhï¿½,,2020,Alan Budda Mangan
Longford-Westmeath,McFadden,Gab,F,Fine Gael,F.G.,10,0,1370,1411,Excluded,170,30,An Longfort-An Iarmhï¿½,,2020,Gab McFadden
Longford-Westmeath,Moran,Kevin Boxer,M,Non-Party,NON-P.,10,1274,0,6730,Excluded,171,30,An Longfort-An Iarmhï¿½,,2020,Kevin Boxer Moran
Longford-Westmeath,Parker,Dom,M,Solidarity - People Before Profit,S.P.B.P.,10,0,2498,221,Excluded,172,30,An Longfort-An Iarmhï¿½,,2020,Dom Parker
Longford-Westmeath,Reynolds,James,M,The National Party,T.N.P.A.P.N.,10,0,1690,983,Excluded,173,30,An Longfort-An Iarmhï¿½,,2020,James Reynolds
Longford-Westmeath,Smyth,Barbara,F,Solidarity - People Before Profit,S.P.B.P.,10,0,2095,411,Excluded,174,30,An Longfort-An Iarmhï¿½,,2020,Barbara Smyth
Longford-Westmeath,Troy,Robert,M,Fianna Fáil,F.F.,10,484,0,9331,Elected,175,30,An Longfort-An Iarmhï¿½,,2020,Robert Troy
Louth,Bird,Topanga,F,Non-Party,NON-P.,10,0,2407,243,Excluded,161,31,Lï¿½,,2020,Topanga Bird
Louth,Bradley,David,M,Non-Party,NON-P.,10,0,2480,256,Excluded,162,31,Lï¿½,,2020,David Bradley
Louth,Breathnach,Declan,M,Fianna Fáil,F.F.,10,2153,0,5781,Excluded,163,31,Lï¿½,,2020,Declan Breathnach
Louth,Byrne,Albert D,M,Non-Party,NON-P.,10,0,2672,145,Excluded,164,31,Lï¿½,,2020,Albert D Byrne
Louth,Byrne,James,M,Fianna Fáil,F.F.,10,0,0,3911,Excluded,165,31,Lï¿½,,2020,James Byrne
Louth,Dearey,Mark,M,Green Party/ Comhaontas Glas,G.P.,10,0,0,5418,Excluded,166,31,Lï¿½,,2020,Mark Dearey
Louth,Fergus,Audrey,F,Solidarity - People Before Profit,S.P.B.P.,10,0,0,1120,Excluded,167,31,Lï¿½,,2020,Audrey Fergus
Louth,Fitzpatrick,Peter,M,Non-Party,NON-P.,10,999,0,6085,Elected,168,31,Lï¿½,,2020,Peter Fitzpatrick
Louth,McGahon,John,M,Fine Gael,F.G.,10,0,0,4442,Excluded,169,31,Lï¿½,,2020,John McGahon
Louth,Munster,Imelda,F,Sinn Féin,S.F.,10,0,0,17203,Elected,170,31,Lï¿½,,2020,Imelda Munster
Louth,Nash,Ged,M,The Labour Party,LAB.,10,119,0,5824,Elected,171,31,Lï¿½,,2020,Ged Nash
Louth,O'Dowd,Fergus,M,Fine Gael,F.G.,10,496,0,6380,Elected,172,31,Lï¿½,,2020,Fergus O'Dowd
Louth,ï¿½ Murchï¿½,Cathal,M,Irish Freedom Party,I.F.P.,10,0,1807,574,Excluded,173,31,Lï¿½,,2020,Cathal ï¿½ Murchï¿½
Louth,ï¿½ Murchï¿½,Ruairï¿½,M,Sinn Féin,S.F.,10,0,0,12491,Elected,174,31,Lï¿½,,2020,Ruairï¿½ ï¿½ Murchï¿½
Louth,Sweeney,Eamon,M,Renua Ireland,R.I.,10,0,1782,794,Excluded,175,31,Lï¿½,,2020,Eamon Sweeney
Mayo,Calleary,Dara,M,Fianna Fáil,F.F.,7,0,0,9163,Elected,184,32,Maigh Eo,,2020,Dara Calleary
Mayo,Chambers,Lisa,F,Fianna Fáil,F.F.,7,3960,0,6373,,185,32,Maigh Eo,,2020,Lisa Chambers
Mayo,Conway-Walsh,Rose,F,Sinn Féin,S.F.,7,0,0,14633,Elected,186,32,Maigh Eo,,2020,Rose Conway-Walsh
Mayo,Daly,Joe,M,Solidarity - People Before Profit,S.P.B.P.,7,0,2146,721,Excluded,187,32,Maigh Eo,,2020,Joe Daly
Mayo,De Barra,Grï¿½inne Sinï¿½ad,F,Non-Party,NON-P.,7,0,3099,84,Excluded,188,32,Maigh Eo,,2020,Grï¿½inne Sinï¿½ad De Barra
Mayo,Dillon,Alan,M,Fine Gael,F.G.,7,1894,0,5198,Elected,189,32,Maigh Eo,,2020,Alan Dillon
Mayo,Forkin,Sean,M,Non-Party,NON-P.,7,0,3136,59,Excluded,190,32,Maigh Eo,,2020,Sean Forkin
Mayo,Lawless,Paul,M,Aontu,A.,7,0,0,2574,Excluded,191,32,Maigh Eo,,2020,Paul Lawless
Mayo,Loftus,Gerry,M,Non-Party,NON-P.,7,0,2548,574,Excluded,192,32,Maigh Eo,,2020,Gerry Loftus
Mayo,Manning,Stephen,M,Non-Party,NON-P.,7,0,3136,65,Excluded,193,32,Maigh Eo,,2020,Stephen Manning
Mayo,McHugh,Saoirse,F,Green Party/ Comhaontas Glas,G.P.,7,0,0,4177,Excluded,194,32,Maigh Eo,,2020,Saoirse McHugh
Mayo,Mulherin,Michelle,F,Fine Gael,F.G.,7,0,0,5435,Excluded,195,32,Maigh Eo,,2020,Michelle Mulherin
Mayo,ï¿½ Fallamhï¿½in,Daithï¿½,M,Irish Freedom Party,I.F.P.,7,0,2939,246,Excluded,196,32,Maigh Eo,,2020,Daithï¿½ ï¿½ Fallamhï¿½in
Mayo,Ring,Michael,M,Fine Gael,F.G.,7,0,0,14796,Elected,197,32,Maigh Eo,,2020,Michael Ring
Mayo,Uddin,Kamal,M,The Labour Party,LAB.,7,0,2910,255,Excluded,198,32,Maigh Eo,,2020,Kamal Uddin
Meath East,Bonner,Joe,M,Non-Party,NON-P.,7,0,0,2934,Excluded,161,34,An Mhï¿½ Thoir,,2020,Joe Bonner
Meath East,Byrne,Thomas,M,Fianna Fáil,F.F.,7,865,0,6039,Elected,162,34,An Mhï¿½ Thoir,,2020,Thomas Byrne
Meath East,Doherty,Regina,F,Fine Gael,F.G.,7,0,0,4180,Excluded,163,34,An Mhï¿½ Thoir,,2020,Regina Doherty
Meath East,Geraghty-Smith,Deirdre,F,Fianna Fáil,F.F.,7,0,575,1941,Excluded,164,34,An Mhï¿½ Thoir,,2020,Deirdre Geraghty-Smith
Meath East,Hoey,Annie,F,The Labour Party,LAB.,7,0,1748,874,Excluded,165,34,An Mhï¿½ Thoir,,2020,Annie Hoey
Meath East,Keegan,Andrew,M,Solidarity - People Before Profit,S.P.B.P.,7,0,2053,569,Excluded,166,34,An Mhï¿½ Thoir,,2020,Andrew Keegan
Meath East,Keogan,Sharon,M,Non-Party,NON-P.,7,0,0,2475,Excluded,167,34,An Mhï¿½ Thoir,,2020,Sharon Keogan
Meath East,McCabe,Seï¿½n,M,Green Party/ Comhaontas Glas,G.P.,7,3940,0,3251,,168,34,An Mhï¿½ Thoir,,2020,Seï¿½n McCabe
Meath East,McDonagh,Seamus,M,Workers Party,W.P.,7,0,2488,134,Excluded,169,34,An Mhï¿½ Thoir,,2020,Seamus McDonagh
Meath East,McEntee,Helen,F,Fine Gael,F.G.,7,0,0,7691,Elected,170,34,An Mhï¿½ Thoir,,2020,Helen McEntee
Meath East,O'Rourke,Darren,M,Sinn Féin,S.F.,7,0,0,10223,Elected,171,34,An Mhï¿½ Thoir,,2020,Darren O'Rourke
Meath East,Tï¿½ibï¿½n,Emer,F,Aontu,A.,7,0,917,1634,Excluded,172,34,An Mhï¿½ Thoir,,2020,Emer Tï¿½ibï¿½n
Meath West,Cassells,Shane,M,Fianna Fáil,F.F.,6,2153,0,6742,,161,39,An Mhï¿½ Thiar,,2020,Shane Cassells
Meath West,English,Damien,M,Fine Gael,F.G.,6,819,0,5499,Elected,162,39,An Mhï¿½ Thiar,,2020,Damien English
Meath West,French,Noel,M,Fine Gael,F.G.,6,0,0,2952,Excluded,163,39,An Mhï¿½ Thiar,,2020,Noel French
Meath West,Guirke,Johnny,M,Sinn Féin,S.F.,6,0,0,12652,Elected,164,39,An Mhï¿½ Thiar,,2020,Johnny Guirke
Meath West,Malone,John,M,Renua Ireland,R.I.,6,0,2305,209,Excluded,165,39,An Mhï¿½ Thiar,,2020,John Malone
Meath West,McMenamin,Sï¿½amus,M,Green Party/ Comhaontas Glas,G.P.,6,0,215,1935,Excluded,166,39,An Mhï¿½ Thiar,,2020,Sï¿½amus McMenamin
Meath West,Moore,Ronan,M,Social Democrats,S.D.,6,0,0,2376,Excluded,167,39,An Mhï¿½ Thiar,,2020,Ronan Moore
Meath West,Reilly,Sarah,F,Fine Gael,F.G.,6,0,698,1817,Excluded,168,39,An Mhï¿½ Thiar,,2020,Sarah Reilly
Meath West,Tï¿½ibï¿½n,Peadar,M,Aontu,A.,6,0,0,7322,Elected,169,39,An Mhï¿½ Thiar,,2020,Peadar Tï¿½ibï¿½n
Roscommon-Galway,Dolan,Aisling,F,Fine Gael,F.G.,6,0,0,5466,Excluded,161,996,Ros Comï¿½in-Gaillimh,,2020,Aisling Dolan
Roscommon-Galway,Fitzmaurice,Michael,M,Non-Party,NON-P.,6,0,0,13077,Elected,162,996,Ros Comï¿½in-Gaillimh,,2020,Michael Fitzmaurice
Roscommon-Galway,Fallon,Thomas P,M,Non-Party,NON-P.,6,0,2743,88,Excluded,163,996,Ros Comï¿½in-Gaillimh,,2020,Thomas P Fallon
Roscommon-Galway,Hanley,Paul,M,The National Party,T.N.P.A.P.N.,6,0,2521,319,Excluded,164,996,Ros Comï¿½in-Gaillimh,,2020,Paul Hanley
Roscommon-Galway,Hope,James,M,Aontu,A.,6,0,2310,504,Excluded,165,996,Ros Comï¿½in-Gaillimh,,2020,James Hope
Roscommon-Galway,Kerrane,Claire,F,Sinn Féin,S.F.,6,859,0,8003,Elected,166,996,Ros Comï¿½in-Gaillimh,,2020,Claire Kerrane
Roscommon-Galway,Leyden,Orla,F,Fianna Fáil,F.F.,6,0,0,2953,Excluded,167,996,Ros Comï¿½in-Gaillimh,,2020,Orla Leyden
Roscommon-Galway,Murphy,Eugene,M,Fianna Fáil,F.F.,6,2200,0,4945,Excluded,168,996,Ros Comï¿½in-Gaillimh,,2020,Eugene Murphy
Roscommon-Galway,Naughten,Denis,M,Non-Party,NON-P.,6,0,0,8422,Elected,169,996,Ros Comï¿½in-Gaillimh,,2020,Denis Naughten
Roscommon-Galway,O'Donoghue,Julie,F,Green Party/ Comhaontas Glas,G.P.,6,0,1242,1413,Excluded,170,996,Ros Comï¿½in-Gaillimh,,2020,Julie O'Donoghue
Roscommon-Galway,Tynan,Kenny,M,Solidarity - People Before Profit,S.P.B.P.,6,0,2410,422,Excluded,171,996,Ros Comï¿½in-Gaillimh,,2020,Kenny Tynan
Sligo-Leitrim,Bree,Declan,M,Independents 4 Change,I.4.C.,15,0,0,2236,Excluded,161,35,Sligeach-Liatroim,,2020,Declan Bree
Sligo-Leitrim,Conway,James,M,Non-Party,NON-P.,15,0,1268,1354,Excluded,162,35,Sligeach-Liatroim,,2020,James Conway
Sligo-Leitrim,Cosgrove,Nessa,F,The Labour Party,LAB.,15,0,1730,1178,Excluded,163,35,Sligeach-Liatroim,,2020,Nessa Cosgrove
Sligo-Leitrim,Ellis,Shane,M,Fianna Fáil,F.F.,15,0,0,2753,Excluded,164,35,Sligeach-Liatroim,,2020,Shane Ellis
Sligo-Leitrim,Feighan,Frankie,M,Fine Gael,F.G.,15,1447,0,5338,Elected,165,35,Sligeach-Liatroim,,2020,Frankie Feighan
Sligo-Leitrim,Gallagher,Blï¿½ithï¿½n,F,Green Party/ Comhaontas Glas,G.P.,15,0,460,1791,Excluded,166,35,Sligeach-Liatroim,,2020,Blï¿½ithï¿½n Gallagher
Sligo-Leitrim,Harkin,Marian,F,Non-Party,NON-P.,15,0,0,6972,Elected,167,35,Sligeach-Liatroim,,2020,Marian Harkin
Sligo-Leitrim,Kenny,Martin,M,Sinn Féin,S.F.,15,0,0,15035,Elected,168,35,Sligeach-Liatroim,,2020,Martin Kenny
Sligo-Leitrim,MacSharry,Marc,M,Fianna Fáil,F.F.,15,1403,0,7004,Elected,169,35,Sligeach-Liatroim,,2020,Marc MacSharry
Sligo-Leitrim,McCloskey,Anne,F,Aontu,A.,15,0,2611,368,Excluded,170,35,Sligeach-Liatroim,,2020,Anne McCloskey
Sligo-Leitrim,McWeeney,Paul,M,The National Party,T.N.P.A.P.N.,15,0,2482,451,Excluded,171,35,Sligeach-Liatroim,,2020,Paul McWeeney
Sligo-Leitrim,O'Boyle,Gino,M,Solidarity - People Before Profit,S.P.B.P.,15,0,0,1746,Excluded,172,35,Sligeach-Liatroim,,2020,Gino O'Boyle
Sligo-Leitrim,O'Donnell,Mary,F,Non-Party,NON-P.,15,0,2980,46,Excluded,173,35,Sligeach-Liatroim,,2020,Mary O'Donnell
Sligo-Leitrim,O'Dwyer,Oisin,M,Renua Ireland,R.I.,15,0,2949,75,Excluded,174,35,Sligeach-Liatroim,,2020,Oisin O'Dwyer
Sligo-Leitrim,O'Hara,Bernie,F,Non-Party,NON-P.,15,0,2176,650,Excluded,175,35,Sligeach-Liatroim,,2020,Bernie O'Hara
Sligo-Leitrim,Perry,John,M,Non-Party,NON-P.,15,0,1571,1367,Excluded,176,35,Sligeach-Liatroim,,2020,John Perry
Sligo-Leitrim,Scanlon,Eamon,M,Fianna Fáil,F.F.,15,2821,0,6246,,177,35,Sligeach-Liatroim,,2020,Eamon Scanlon
Sligo-Leitrim,Walsh,Thomas,M,Fine Gael,F.G.,15,0,0,4760,Excluded,178,35,Sligeach-Liatroim,,2020,Thomas Walsh
Sligo-Leitrim,Wynne,Sean,M,Non-Party,NON-P.,15,0,1050,1310,Excluded,179,35,Sligeach-Liatroim,,2020,Sean Wynne
Tipperary,AHEARN,GARRET,M,Fine Gael,F.G.,9,2133,0,6206,,184,36,Tiobraid ï¿½rann,,2020,GARRET AHEARN
Tipperary,BROWNE,MARTIN,M,Sinn Féin,S.F.,9,0,0,10004,Elected,185,36,Tiobraid ï¿½rann,,2020,MARTIN BROWNE
Tipperary,CAHILL,Dolores,F,Non-Party,NON-P.,9,0,2882,521,Excluded,186,36,Tiobraid ï¿½rann,,2020,Dolores CAHILL
Tipperary,CAHILL,JACKIE,M,Fianna Fáil,F.F.,9,693,0,7940,Elected,187,36,Tiobraid ï¿½rann,,2020,JACKIE CAHILL
Tipperary,FARRELL,SANDRA,F,Fianna Fáil,F.F.,9,0,1134,2233,Excluded,188,36,Tiobraid ï¿½rann,,2020,SANDRA FARRELL
Tipperary,GOLDSBORO,IMELDA,F,Fianna Fáil,F.F.,9,0,0,4082,Excluded,189,36,Tiobraid ï¿½rann,,2020,IMELDA GOLDSBORO
Tipperary,HANNIIGAN,JOE,M,Non-Party,NON-P.,9,0,0,4715,Excluded,190,36,Tiobraid ï¿½rann,,2020,JOE HANNIIGAN
Tipperary,HEALY,SEAMUS,M,Non-Party,NON-P.,9,0,0,5829,Excluded,191,36,Tiobraid ï¿½rann,,2020,SEAMUS HEALY
Tipperary,KELLY,ALAN,M,The Labour Party,LAB.,9,410,0,7857,Elected,192,36,Tiobraid ï¿½rann,,2020,ALAN KELLY
Tipperary,LOWRY,MICHAEL,M,Non-Party,NON-P.,9,0,0,14802,Elected,193,36,Tiobraid ï¿½rann,,2020,MICHAEL LOWRY
Tipperary,MCGRATH,MATTIE,M,Non-Party,NON-P.,9,0,0,9321,Elected,194,36,Tiobraid ï¿½rann,,2020,MATTIE MCGRATH
Tipperary,"NEWMAN JULIAN,",MARY,F,Fine Gael,F.G.,9,0,0,4926,Excluded,195,36,Tiobraid ï¿½rann,,2020,"MARY NEWMAN JULIAN,"
Tipperary,O'DONNELL,ROB,M,Green Party/ Comhaontas Glas,G.P.,9,0,94,3170,Excluded,196,36,Tiobraid ï¿½rann,,2020,ROB O'DONNELL
Tipperary,SKEHAN,MARESE,F,Non-Party,NON-P.,9,0,3223,182,Excluded,197,36,Tiobraid ï¿½rann,,2020,MARESE SKEHAN
Waterford,BUTLER,MARY,F,Fianna Fáil,F.F.,7,0,0,6644,Elected,161,38,Port  Lairge,,2020,MARY BUTLER
Waterford,CLEARY,DR RONAN,M,Aontu,A.,7,0,1263,1049,Excluded,163,38,Port  Lairge,,2020,DR RONAN CLEARY
Waterford,CULLINANE,DAVID,M,Sinn Féin,S.F.,7,0,0,20569,Elected,164,38,Port  Lairge,,2020,DAVID CULLINANE
Waterford,CUMMINS,JOHN,M,Fine Gael,F.G.,7,2275,0,4592,,165,38,Port  Lairge,,2020,JOHN CUMMINS
Waterford,DUNPHY,UNA,F,Solidarity - People Before Profit,S.P.B.P.,7,0,0,1153,Excluded,166,38,Port  Lairge,,2020,UNA DUNPHY
Waterford,GEOGHEGAN,DAMIEN,M,Fine Gael,F.G.,7,0,0,4289,Excluded,167,38,Port  Lairge,,2020,DAMIEN GEOGHEGAN
Waterford,MULLIGAN,EDDIE,M,Fianna Fáil,F.F.,7,0,0,2654,Excluded,168,38,Port  Lairge,,2020,EDDIE MULLIGAN
Waterford,O CATHASAIGH,MARC,M,Green Party/ Comhaontas Glas,G.P.,7,1014,0,3996,Elected,169,38,Port  Lairge,,2020,MARC O CATHASAIGH
Waterford,PHILLIPS,BERNADETTE,F,Non-Party,NON-P.,7,0,1844,324,Excluded,170,38,Port  Lairge,,2020,BERNADETTE PHILLIPS
Waterford,PRATT,JOHN,M,The Labour Party,LAB.,7,0,0,3498,Excluded,171,38,Port  Lairge,,2020,JOHN PRATT
Waterford,SHANAHAN,MATT,M,Non-Party,NON-P.,7,44,0,4990,Elected,172,38,Port  Lairge,,2020,MATT SHANAHAN
Wexford,BROWNE,JAMES,M,Fianna Fáil,F.F.,11,853,0,8058,Elected,196,40,Loch Garman,,2020,JAMES BROWNE
Wexford,Byrne,Malcolm,M,Fianna Fáil,F.F.,11,2976,0,6145,Excluded,197,40,Loch Garman,,2020,Malcolm Byrne
Wexford,Carthy,Ger,M,Non-Party,NON-P.,11,0,0,3024,Excluded,199,40,Loch Garman,,2020,Ger Carthy
Wexford,Codd,Jim,M,Non-Party,NON-P.,11,0,1114,1518,Excluded,200,40,Loch Garman,,2020,Jim Codd
Wexford,D'Arcy,Michael,M,Fine Gael,F.G.,11,0,0,6472,Excluded,201,40,Loch Garman,,2020,Michael D'Arcy
Wexford,Howlin,Brendan,M,The Labour Party,LAB.,11,0,0,9223,Elected,202,40,Loch Garman,,2020,Brendan Howlin
Wexford,Kehoe,Paul,M,Fine Gael,F.G.,11,976,0,6337,Elected,203,40,Loch Garman,,2020,Paul Kehoe
Wexford,McDonald,Lisa,F,Fianna Fáil,F.F.,11,0,1718,1351,Excluded,204,40,Loch Garman,,2020,Lisa McDonald
Wexford,Murphy,Bart James,M,Non-Party,NON-P.,11,0,3026,68,Excluded,205,40,Loch Garman,,2020,Bart James Murphy
Wexford,Murphy,Verona,F,Non-Party,NON-P.,11,664,0,5825,Elected,206,40,Loch Garman,,2020,Verona Murphy
Wexford,Mythen,Johnny,M,Sinn Féin,S.F.,11,0,0,18717,Elected,207,40,Loch Garman,,2020,Johnny Mythen
Wexford,O'Shea,Seanie,M,Independents 4 Change,I.4.C.,11,0,1539,825,Excluded,208,40,Loch Garman,,2020,Seanie O'Shea
Wexford,Roseingrave,Paula,F,Green Party/ Comhaontas Glas,G.P.,11,0,446,2028,Excluded,209,40,Loch Garman,,2020,Paula Roseingrave
Wexford,Sheehan,Michael,M,Fianna Fáil,F.F.,11,0,0,4366,Excluded,210,40,Loch Garman,,2020,Michael Sheehan
Wexford,Wadding,Deirdre,F,Solidarity - People Before Profit,S.P.B.P.,11,0,0,1116,Excluded,211,40,Loch Garman,,2020,Deirdre Wadding
Wicklow,BEHAN,JOE,M,Non-Party,NON-P.,15,0,0,2988,Excluded,183,41,Cill Mhantï¿½in,,2020,JOE BEHAN
Wicklow,BRADY,JOHN,M,Sinn Féin,S.F.,15,0,0,17297,Elected,185,41,Cill Mhantï¿½in,,2020,JOHN BRADY
Wicklow,BRIGGS,SHARON,F,Solidarity - People Before Profit,S.P.B.P.,15,0,524,1037,Excluded,186,41,Cill Mhantï¿½in,,2020,SHARON BRIGGS
Wicklow,CASEY,PAT,M,Fianna Fáil,F.F.,15,0,0,4473,Excluded,187,41,Cill Mhantï¿½in,,2020,PAT CASEY
Wicklow,CONNOR,SEAMUS,M,Aontu,A.,15,0,1621,1051,Excluded,188,41,Cill Mhantï¿½in,,2020,SEAMUS CONNOR
Wicklow,COX,VALERIE,F,Non-Party,NON-P.,15,0,248,1805,Excluded,189,41,Cill Mhantï¿½in,,2020,VALERIE COX
Wicklow,DONNELLY,STEPHEN,M,Fianna Fáil,F.F.,15,869,0,5467,Elected,190,41,Cill Mhantï¿½in,,2020,STEPHEN DONNELLY
Wicklow,DOYLE,ANDREW,M,Fine Gael,F.G.,15,3027,0,4940,Excluded,191,41,Cill Mhantï¿½in,,2020,ANDREW DOYLE
Wicklow,DUNNE,TOM,M,Non-Party,NON-P.,15,0,2343,478,Excluded,192,41,Cill Mhantï¿½in,,2020,TOM DUNNE
Wicklow,FITZGERALD,ANTHONY,M,Non-Party,NON-P.,15,0,2879,79,Excluded,193,41,Cill Mhantï¿½in,,2020,ANTHONY FITZGERALD
Wicklow,GUNNING,EILEEN,F,The National Party,T.N.P.A.P.N.,15,0,2515,399,Excluded,194,41,Cill Mhantï¿½in,,2020,EILEEN GUNNING
Wicklow,HARRIS,SIMON,M,Fine Gael,F.G.,15,49,0,8765,Elected,195,41,Cill Mhantï¿½in,,2020,SIMON HARRIS
Wicklow,KEDDY,CHARLIE,M,Non-Party,NON-P.,15,0,2662,219,Excluded,196,41,Cill Mhantï¿½in,,2020,CHARLIE KEDDY
Wicklow,KING,WILLIAM,M,Non-Party,NON-P.,15,0,2946,20,Excluded,197,41,Cill Mhantï¿½in,,2020,WILLIAM KING
Wicklow,LARKIN,JOHN JOSEPH,M,Non-Party,NON-P.,15,0,2753,173,Excluded,198,41,Cill Mhantï¿½in,,2020,JOHN JOSEPH LARKIN
Wicklow,MATTHEWS,STEVEN,M,Green Party/ Comhaontas Glas,G.P.,15,2265,0,5634,Elected,199,41,Cill Mhantï¿½in,,2020,STEVEN MATTHEWS
Wicklow,O BRIEN,PAUL,M,The Labour Party,LAB.,15,0,997,1727,Excluded,200,41,Cill Mhantï¿½in,,2020,PAUL O BRIEN
Wicklow,SNELL,JOHN,M,Non-Party,NON-P.,15,0,0,3050,Excluded,201,41,Cill Mhantï¿½in,,2020,JOHN SNELL
Wicklow,TIMMINS,BILLY,M,Fine Gael,F.G.,15,0,0,4679,Excluded,202,41,Cill Mhantï¿½in,,2020,BILLY TIMMINS
Wicklow,WHITMORE,JENNIEFER,F,Social Democrats,S.D.,15,0,0,7039,Elected,203,41,Cill Mhantï¿½in,,2020,JENNIEFER WHITMORE
